date,scraped_at,plan,slug,unit,apartment_id,floorplan_id,beds,baths,sqft,floor,rent_min,rent_max,deposit,available_date,made_ready_date,status,amenities,specials,apply_url
2026-09-13,2026-09-14T00:56:56+00:00,Denver 2,denver-2,3302,28085934,3539945,0,1,535,,2335,4324,0,2026-08-03,2026-08-03,Vacant Unrented Ready,Balcony; Ornamental,,https://bellwestford.securecafe.com/onlineleasing/bell-westford/oleapplication.aspx?stepname=RentalOptions&myOlePropertyId=1311869&FloorPlanID=3539945&UnitID=28085934&header=1
2026-09-13,2026-09-14T00:56:56+00:00,Denver 2,denver-2,3319,28085950,3539945,0,1,535,,2485,4494,0,2026-06-11,2026-06-11,Vacant Unrented Not Ready,Pool View; Balcony; Ornamental,,https://bellwestford.securecafe.com/onlineleasing/bell-westford/oleapplication.aspx?stepname=RentalOptions&myOlePropertyId=1311869&FloorPlanID=3539945&UnitID=28085950&header=1
2026-09-13,2026-09-14T00:56:56+00:00,Denver 2,denver-2,5120,28085992,3539945,0,1,535,,2270,4250,0,2026-09-02,2026-09-02,Vacant Unrented Ready,Ornamental,,https://bellwestford.securecafe.com/onlineleasing/bell-westford/oleapplication.aspx?stepname=RentalOptions&myOlePropertyId=1311869&FloorPlanID=3539945&UnitID=28085992&header=1
2026-09-13,2026-09-14T00:56:56+00:00,Eaton 1,eaton-1,3413,28085870,3539936,1,1,687,4,2530,4437,0,2026-08-28,2026-08-28,Vacant Unrented Ready,Balcony; 4th Floor; Botticino,,https://bellwestford.securecafe.com/onlineleasing/bell-westford/oleapplication.aspx?stepname=RentalOptions&myOlePropertyId=1311869&FloorPlanID=3539936&UnitID=28085870&header=1
2026-09-13,2026-09-14T00:56:56+00:00,Evergreen 1,evergreen-1,1311,28085685,3539938,1,1,789,3,2575,4311,0,2026-10-01,2026-10-01,Notice Unrented,3rd Floor; Balcony; Pool View; Maple White,,https://bellwestford.securecafe.com/onlineleasing/bell-westford/oleapplication.aspx?stepname=RentalOptions&myOlePropertyId=1311869&FloorPlanID=3539938&UnitID=28085685&header=1
2026-09-13,2026-09-14T00:56:56+00:00,Evergreen 1,evergreen-1,2311,28085767,3539938,1,1,789,3,2520,4266,0,2026-10-26,2026-10-26,Notice Unrented,3rd Floor; Premium View; Balcony; Maple White; Bianco,,https://bellwestford.securecafe.com/onlineleasing/bell-westford/oleapplication.aspx?stepname=RentalOptions&myOlePropertyId=1311869&FloorPlanID=3539938&UnitID=28085767&header=1
2026-09-13,2026-09-14T00:56:56+00:00,Evergreen 1,evergreen-1,2411,28085787,3539938,1,1,789,4,2550,4460,0,2026-09-17,2026-09-17,Vacant Unrented Not Ready,4th Floor; Premium View; Botticino; Angola Black,,https://bellwestford.securecafe.com/onlineleasing/bell-westford/oleapplication.aspx?stepname=RentalOptions&myOlePropertyId=1311869&FloorPlanID=3539938&UnitID=28085787&header=1
2026-09-13,2026-09-14T00:56:56+00:00,Evergreen 1,evergreen-1,3310,28085847,3539938,1,1,789,3,2525,4255,0,2026-10-05,2026-10-05,Notice Unrented,3rd Floor; Premium View; Balcony; Maple White; Angola Black,,https://bellwestford.securecafe.com/onlineleasing/bell-westford/oleapplication.aspx?stepname=RentalOptions&myOlePropertyId=1311869&FloorPlanID=3539938&UnitID=28085847&header=1
2026-09-13,2026-09-14T00:56:56+00:00,Evans 2,evans-2,5111,28085984,3539949,1,1,852,,2585,4500,0,2026-07-02,2026-07-02,Vacant Unrented Ready,Ornamental,,https://bellwestford.securecafe.com/onlineleasing/bell-westford/oleapplication.aspx?stepname=RentalOptions&myOlePropertyId=1311869&FloorPlanID=3539949&UnitID=28085984&header=1
2026-09-13,2026-09-14T00:56:56+00:00,Erie 1,erie-1,1119,28085647,3539940,1,1,883,1,2704,4472,0,2026-11-02,2026-11-02,Notice Unrented,Balcony; 1st Floor; Pool View; Maple White,,https://bellwestford.securecafe.com/onlineleasing/bell-westford/oleapplication.aspx?stepname=RentalOptions&myOlePropertyId=1311869&FloorPlanID=3539940&UnitID=28085647&header=1
2026-09-13,2026-09-14T00:56:56+00:00,Erie 1,erie-1,2205,28085742,3539940,1,1,913,2,2734,4669,0,2026-08-28,2026-08-28,Vacant Unrented Ready,Balcony; 2nd Floor; Premium View; Botticino,,https://bellwestford.securecafe.com/onlineleasing/bell-westford/oleapplication.aspx?stepname=RentalOptions&myOlePropertyId=1311869&FloorPlanID=3539940&UnitID=28085742&header=1
2026-09-13,2026-09-14T00:56:56+00:00,Erie 2,erie-2,3205,28085916,3539950,1,1,922,,2730,4664,0,2026-07-04,2026-07-04,Vacant Unrented Ready,Balcony; Pool View; Shitake,,https://bellwestford.securecafe.com/onlineleasing/bell-westford/oleapplication.aspx?stepname=RentalOptions&myOlePropertyId=1311869&FloorPlanID=3539950&UnitID=28085916&header=1
2026-09-13,2026-09-14T00:56:56+00:00,Ames 1,ames-1,3420,28085876,3539941,2,2,1178,4,3106,5562,0,2026-07-02,2026-07-02,Vacant Unrented Ready,4th Floor; Balcony; Premium View; Maple White; Botticino,,https://bellwestford.securecafe.com/onlineleasing/bell-westford/oleapplication.aspx?stepname=RentalOptions&myOlePropertyId=1311869&FloorPlanID=3539941&UnitID=28085876&header=1
2026-09-13,2026-09-14T00:56:56+00:00,Ames 1,ames-1,3102,28085799,3539941,2,2,1188,1,3346,5914,0,2026-09-30,2026-09-30,Notice Unrented,1st Floor; Premium View; Balcony; Maple White; Private Yard; Angola Black,,https://bellwestford.securecafe.com/onlineleasing/bell-westford/oleapplication.aspx?stepname=RentalOptions&myOlePropertyId=1311869&FloorPlanID=3539941&UnitID=28085799&header=1
2026-09-13,2026-09-14T00:56:56+00:00,Ames 1,ames-1,1422,28085716,3539941,2,2,1192,4,3051,5502,0,2026-09-17,2026-09-17,Vacant Unrented Not Ready,4th Floor; Balcony; Premium View; Botticino; Bianco,,https://bellwestford.securecafe.com/onlineleasing/bell-westford/oleapplication.aspx?stepname=RentalOptions&myOlePropertyId=1311869&FloorPlanID=3539941&UnitID=28085716&header=1
2026-09-13,2026-09-14T00:56:56+00:00,Ames 1,ames-1,2420,28085796,3539941,2,2,1192,4,3001,5529,0,2026-10-10,2026-10-10,Notice Unrented,4th Floor; Balcony; Botticino; Maple White,,https://bellwestford.securecafe.com/onlineleasing/bell-westford/oleapplication.aspx?stepname=RentalOptions&myOlePropertyId=1311869&FloorPlanID=3539941&UnitID=28085796&header=1
2026-09-13,2026-09-14T00:56:56+00:00,Ames 2,ames-2,5302,28086017,3539951,2,2,1226,,3065,5087,0,2027-01-10,2027-01-10,Notice Unrented,Premium View; Balcony; Shitake,,https://bellwestford.securecafe.com/onlineleasing/bell-westford/oleapplication.aspx?stepname=RentalOptions&myOlePropertyId=1311869&FloorPlanID=3539951&UnitID=28086017&header=1
2026-09-13,2026-09-14T00:56:56+00:00,Ames 2,ames-2,5422,28086057,3539951,2,2,1227,,3015,5462,0,2026-08-07,2026-08-07,Vacant Unrented Ready,Balcony; Maple White,,https://bellwestford.securecafe.com/onlineleasing/bell-westford/oleapplication.aspx?stepname=RentalOptions&myOlePropertyId=1311869&FloorPlanID=3539951&UnitID=28086057&header=1
2026-09-13,2026-09-14T00:56:56+00:00,Aspen 2,aspen-2,3210,28085920,3539952,2,2,1233,,3105,5561,0,2026-08-03,2026-08-03,Vacant Unrented Ready,Balcony; Shitake,,https://bellwestford.securecafe.com/onlineleasing/bell-westford/oleapplication.aspx?stepname=RentalOptions&myOlePropertyId=1311869&FloorPlanID=3539952&UnitID=28085920&header=1
2026-09-13,2026-09-14T00:56:56+00:00,Aspen 2,aspen-2,3218,28085928,3539952,2,2,1233,,3105,5561,0,2026-06-22,2026-06-22,Vacant Unrented Ready,Balcony; Maple White,,https://bellwestford.securecafe.com/onlineleasing/bell-westford/oleapplication.aspx?stepname=RentalOptions&myOlePropertyId=1311869&FloorPlanID=3539952&UnitID=28085928&header=1
2026-09-13,2026-09-14T00:56:56+00:00,Aspen 1,aspen-1,2118,28085734,3539942,2,2,1234,1,3060,5595,0,2026-09-28,2026-09-28,Notice Unrented,1st Floor; Bianco G; Angola Black,,https://bellwestford.securecafe.com/onlineleasing/bell-westford/oleapplication.aspx?stepname=RentalOptions&myOlePropertyId=1311869&FloorPlanID=3539942&UnitID=28085734&header=1
2026-09-13,2026-09-14T00:56:56+00:00,Aspen 1,aspen-1,3318,28085854,3539942,2,2,1234,3,3265,5433,0,2026-11-15,2026-11-15,Notice Unrented,3rd Floor; Balcony; Premium View; Botticino; Maple White; ADA,,https://bellwestford.securecafe.com/onlineleasing/bell-westford/oleapplication.aspx?stepname=RentalOptions&myOlePropertyId=1311869&FloorPlanID=3539942&UnitID=28085854&header=1
2026-09-13,2026-09-14T00:56:56+00:00,Avon 2,avon-2,5201,28085995,3539953,2,2,1291,,3085,5623,0,2026-09-29,2026-09-29,Notice Unrented,Ornamental,,https://bellwestford.securecafe.com/onlineleasing/bell-westford/oleapplication.aspx?stepname=RentalOptions&myOlePropertyId=1311869&FloorPlanID=3539953&UnitID=28085995&header=1
2026-09-13,2026-09-14T00:56:56+00:00,Avon 1,avon-1,3114,28085811,3539943,2,2,1304,1,3399,5884,0,2026-08-28,2026-08-28,Vacant Unrented Ready,1st Floor; Balcony; Maple White; Private Yard; Botticino,,https://bellwestford.securecafe.com/onlineleasing/bell-westford/oleapplication.aspx?stepname=RentalOptions&myOlePropertyId=1311869&FloorPlanID=3539943&UnitID=28085811&header=1
2026-09-13,2026-09-14T00:56:56+00:00,Breckenridge 1,breckenridge-1,1101,28085639,3539944,3,2,1472,1,4265,9068,0,2026-09-29,2026-09-29,Notice Unrented,1st Floor; Balcony; Pool View; Maple White; Bianco,,https://bellwestford.securecafe.com/onlineleasing/bell-westford/oleapplication.aspx?stepname=RentalOptions&myOlePropertyId=1311869&FloorPlanID=3539944&UnitID=28085639&header=1
2026-09-13,2026-09-14T00:56:56+00:00,Breckenridge 1,breckenridge-1,2101,28085718,3539944,3,2,1472,1,4465,9169,0,2026-08-29,2026-08-29,Vacant Unrented Not Ready,1st Floor; Premium View; Balcony; Bianco G; Private Yard; Botticino,,https://bellwestford.securecafe.com/onlineleasing/bell-westford/oleapplication.aspx?stepname=RentalOptions&myOlePropertyId=1311869&FloorPlanID=3539944&UnitID=28085718&header=1
2026-09-13,2026-09-14T00:56:56+00:00,Breckenridge 1,breckenridge-1,3321,28085857,3539944,3,2,1472,3,4205,8883,0,2026-08-28,2026-08-28,Vacant Unrented Ready,3rd Floor; Balcony; Maple White; Angola Black,,https://bellwestford.securecafe.com/onlineleasing/bell-westford/oleapplication.aspx?stepname=RentalOptions&myOlePropertyId=1311869&FloorPlanID=3539944&UnitID=28085857&header=1
2026-09-13,2026-09-14T00:56:56+00:00,Breckenridge 2,breckenridge-2,3401,28085954,3539954,3,2,1503,,4513,9222,0,2025-08-15,2025-08-15,Vacant Unrented Ready,Pool View; Balcony; Ornamental,,https://bellwestford.securecafe.com/onlineleasing/bell-westford/oleapplication.aspx?stepname=RentalOptions&myOlePropertyId=1311869&FloorPlanID=3539954&UnitID=28085954&header=1
2026-09-13,2026-09-14T00:56:56+00:00,Townhome,townhome,0202,28085879,3539955,3,2,1921,,5125,9895,0,2026-08-11,2026-08-11,Vacant Unrented Ready,Townhouse; Shitake,,https://bellwestford.securecafe.com/onlineleasing/bell-westford/oleapplication.aspx?stepname=RentalOptions&myOlePropertyId=1311869&FloorPlanID=3539955&UnitID=28085879&header=1
2026-09-14,2026-09-15T01:21:31+00:00,Denver 2,denver-2,3302,28085934,3539945,0,1,535,,2325,4313,0,2026-08-03,2026-08-03,Vacant Unrented Ready,Balcony; Ornamental,,https://bellwestford.securecafe.com/onlineleasing/bell-westford/oleapplication.aspx?stepname=RentalOptions&myOlePropertyId=1311869&FloorPlanID=3539945&UnitID=28085934&header=1
2026-09-14,2026-09-15T01:21:31+00:00,Denver 2,denver-2,3319,28085950,3539945,0,1,535,,2475,4483,0,2026-06-11,2026-06-11,Vacant Unrented Not Ready,Pool View; Balcony; Ornamental,,https://bellwestford.securecafe.com/onlineleasing/bell-westford/oleapplication.aspx?stepname=RentalOptions&myOlePropertyId=1311869&FloorPlanID=3539945&UnitID=28085950&header=1
2026-09-14,2026-09-15T01:21:31+00:00,Denver 2,denver-2,5120,28085992,3539945,0,1,535,,2260,4239,0,2026-09-02,2026-09-02,Vacant Unrented Ready,Ornamental,,https://bellwestford.securecafe.com/onlineleasing/bell-westford/oleapplication.aspx?stepname=RentalOptions&myOlePropertyId=1311869&FloorPlanID=3539945&UnitID=28085992&header=1
2026-09-14,2026-09-15T01:21:31+00:00,Eaton 1,eaton-1,3413,28085870,3539936,1,1,687,4,2535,4437,0,2026-08-28,2026-08-28,Vacant Unrented Ready,Balcony; 4th Floor; Botticino,,https://bellwestford.securecafe.com/onlineleasing/bell-westford/oleapplication.aspx?stepname=RentalOptions&myOlePropertyId=1311869&FloorPlanID=3539936&UnitID=28085870&header=1
2026-09-14,2026-09-15T01:21:31+00:00,Evergreen 1,evergreen-1,1311,28085685,3539938,1,1,789,3,2580,4311,0,2026-10-01,2026-10-01,Notice Unrented,3rd Floor; Balcony; Pool View; Maple White,,https://bellwestford.securecafe.com/onlineleasing/bell-westford/oleapplication.aspx?stepname=RentalOptions&myOlePropertyId=1311869&FloorPlanID=3539938&UnitID=28085685&header=1
2026-09-14,2026-09-15T01:21:31+00:00,Evergreen 1,evergreen-1,2311,28085767,3539938,1,1,789,3,2530,4266,0,2026-10-26,2026-10-26,Notice Unrented,3rd Floor; Premium View; Balcony; Maple White; Bianco,,https://bellwestford.securecafe.com/onlineleasing/bell-westford/oleapplication.aspx?stepname=RentalOptions&myOlePropertyId=1311869&FloorPlanID=3539938&UnitID=28085767&header=1
2026-09-14,2026-09-15T01:21:31+00:00,Evergreen 1,evergreen-1,2411,28085787,3539938,1,1,789,4,2555,4460,0,2026-09-17,2026-09-17,Vacant Unrented Not Ready,4th Floor; Premium View; Botticino; Angola Black,,https://bellwestford.securecafe.com/onlineleasing/bell-westford/oleapplication.aspx?stepname=RentalOptions&myOlePropertyId=1311869&FloorPlanID=3539938&UnitID=28085787&header=1
2026-09-14,2026-09-15T01:21:31+00:00,Evergreen 1,evergreen-1,3310,28085847,3539938,1,1,789,3,2530,4255,0,2026-10-05,2026-10-05,Notice Unrented,3rd Floor; Premium View; Balcony; Maple White; Angola Black,,https://bellwestford.securecafe.com/onlineleasing/bell-westford/oleapplication.aspx?stepname=RentalOptions&myOlePropertyId=1311869&FloorPlanID=3539938&UnitID=28085847&header=1
2026-09-14,2026-09-15T01:21:31+00:00,Evans 2,evans-2,5111,28085984,3539949,1,1,852,,2590,4500,0,2026-07-02,2026-07-02,Vacant Unrented Ready,Ornamental,,https://bellwestford.securecafe.com/onlineleasing/bell-westford/oleapplication.aspx?stepname=RentalOptions&myOlePropertyId=1311869&FloorPlanID=3539949&UnitID=28085984&header=1
2026-09-14,2026-09-15T01:21:31+00:00,Erie 1,erie-1,1119,28085647,3539940,1,1,883,1,2714,4472,0,2026-11-02,2026-11-02,Notice Unrented,Balcony; 1st Floor; Pool View; Maple White,,https://bellwestford.securecafe.com/onlineleasing/bell-westford/oleapplication.aspx?stepname=RentalOptions&myOlePropertyId=1311869&FloorPlanID=3539940&UnitID=28085647&header=1
2026-09-14,2026-09-15T01:21:31+00:00,Erie 1,erie-1,2205,28085742,3539940,1,1,913,2,2739,4669,0,2026-08-28,2026-08-28,Vacant Unrented Ready,Balcony; 2nd Floor; Premium View; Botticino,,https://bellwestford.securecafe.com/onlineleasing/bell-westford/oleapplication.aspx?stepname=RentalOptions&myOlePropertyId=1311869&FloorPlanID=3539940&UnitID=28085742&header=1
2026-09-14,2026-09-15T01:21:31+00:00,Erie 2,erie-2,3205,28085916,3539950,1,1,922,,2735,4664,0,2026-07-04,2026-07-04,Vacant Unrented Ready,Balcony; Pool View; Shitake,,https://bellwestford.securecafe.com/onlineleasing/bell-westford/oleapplication.aspx?stepname=RentalOptions&myOlePropertyId=1311869&FloorPlanID=3539950&UnitID=28085916&header=1
2026-09-14,2026-09-15T01:21:31+00:00,Ames 1,ames-1,3420,28085876,3539941,2,2,1178,4,3106,5562,0,2026-07-02,2026-07-02,Vacant Unrented Ready,4th Floor; Balcony; Premium View; Maple White; Botticino,,https://bellwestford.securecafe.com/onlineleasing/bell-westford/oleapplication.aspx?stepname=RentalOptions&myOlePropertyId=1311869&FloorPlanID=3539941&UnitID=28085876&header=1
2026-09-14,2026-09-15T01:21:31+00:00,Ames 1,ames-1,3102,28085799,3539941,2,2,1188,1,3346,5914,0,2026-09-30,2026-09-30,Notice Unrented,1st Floor; Premium View; Balcony; Maple White; Private Yard; Angola Black,,https://bellwestford.securecafe.com/onlineleasing/bell-westford/oleapplication.aspx?stepname=RentalOptions&myOlePropertyId=1311869&FloorPlanID=3539941&UnitID=28085799&header=1
2026-09-14,2026-09-15T01:21:31+00:00,Ames 1,ames-1,1422,28085716,3539941,2,2,1192,4,3051,5502,0,2026-09-17,2026-09-17,Vacant Unrented Not Ready,4th Floor; Balcony; Premium View; Botticino; Bianco,,https://bellwestford.securecafe.com/onlineleasing/bell-westford/oleapplication.aspx?stepname=RentalOptions&myOlePropertyId=1311869&FloorPlanID=3539941&UnitID=28085716&header=1
2026-09-14,2026-09-15T01:21:31+00:00,Ames 1,ames-1,2420,28085796,3539941,2,2,1192,4,3001,5529,0,2026-10-10,2026-10-10,Notice Unrented,4th Floor; Balcony; Botticino; Maple White,,https://bellwestford.securecafe.com/onlineleasing/bell-westford/oleapplication.aspx?stepname=RentalOptions&myOlePropertyId=1311869&FloorPlanID=3539941&UnitID=28085796&header=1
2026-09-14,2026-09-15T01:21:31+00:00,Ames 2,ames-2,5302,28086017,3539951,2,2,1226,,3065,5087,0,2027-01-10,2027-01-10,Notice Unrented,Premium View; Balcony; Shitake,,https://bellwestford.securecafe.com/onlineleasing/bell-westford/oleapplication.aspx?stepname=RentalOptions&myOlePropertyId=1311869&FloorPlanID=3539951&UnitID=28086017&header=1
2026-09-14,2026-09-15T01:21:31+00:00,Ames 2,ames-2,5422,28086057,3539951,2,2,1227,,3015,5462,0,2026-08-07,2026-08-07,Vacant Unrented Ready,Balcony; Maple White,,https://bellwestford.securecafe.com/onlineleasing/bell-westford/oleapplication.aspx?stepname=RentalOptions&myOlePropertyId=1311869&FloorPlanID=3539951&UnitID=28086057&header=1
2026-09-14,2026-09-15T01:21:31+00:00,Aspen 2,aspen-2,3210,28085920,3539952,2,2,1233,,3105,5561,0,2026-08-03,2026-08-03,Vacant Unrented Ready,Balcony; Shitake,,https://bellwestford.securecafe.com/onlineleasing/bell-westford/oleapplication.aspx?stepname=RentalOptions&myOlePropertyId=1311869&FloorPlanID=3539952&UnitID=28085920&header=1
2026-09-14,2026-09-15T01:21:31+00:00,Aspen 2,aspen-2,3218,28085928,3539952,2,2,1233,,3105,5561,0,2026-06-22,2026-06-22,Vacant Unrented Ready,Balcony; Maple White,,https://bellwestford.securecafe.com/onlineleasing/bell-westford/oleapplication.aspx?stepname=RentalOptions&myOlePropertyId=1311869&FloorPlanID=3539952&UnitID=28085928&header=1
2026-09-14,2026-09-15T01:21:31+00:00,Aspen 1,aspen-1,2118,28085734,3539942,2,2,1234,1,3060,5595,0,2026-09-28,2026-09-28,Notice Unrented,1st Floor; Bianco G; Angola Black,,https://bellwestford.securecafe.com/onlineleasing/bell-westford/oleapplication.aspx?stepname=RentalOptions&myOlePropertyId=1311869&FloorPlanID=3539942&UnitID=28085734&header=1
2026-09-14,2026-09-15T01:21:31+00:00,Aspen 1,aspen-1,3318,28085854,3539942,2,2,1234,3,3265,5433,0,2026-11-15,2026-11-15,Notice Unrented,3rd Floor; Balcony; Premium View; Botticino; Maple White; ADA,,https://bellwestford.securecafe.com/onlineleasing/bell-westford/oleapplication.aspx?stepname=RentalOptions&myOlePropertyId=1311869&FloorPlanID=3539942&UnitID=28085854&header=1
2026-09-14,2026-09-15T01:21:31+00:00,Avon 2,avon-2,5201,28085995,3539953,2,2,1291,,3085,5623,0,2026-09-29,2026-09-29,Notice Unrented,Ornamental,,https://bellwestford.securecafe.com/onlineleasing/bell-westford/oleapplication.aspx?stepname=RentalOptions&myOlePropertyId=1311869&FloorPlanID=3539953&UnitID=28085995&header=1
2026-09-14,2026-09-15T01:21:31+00:00,Avon 1,avon-1,3114,28085811,3539943,2,2,1304,1,3399,5884,0,2026-08-28,2026-08-28,Vacant Unrented Ready,1st Floor; Balcony; Maple White; Private Yard; Botticino,,https://bellwestford.securecafe.com/onlineleasing/bell-westford/oleapplication.aspx?stepname=RentalOptions&myOlePropertyId=1311869&FloorPlanID=3539943&UnitID=28085811&header=1
2026-09-14,2026-09-15T01:21:31+00:00,Breckenridge 1,breckenridge-1,1101,28085639,3539944,3,2,1472,1,4260,9057,0,2026-09-29,2026-09-29,Notice Unrented,1st Floor; Balcony; Pool View; Maple White; Bianco,,https://bellwestford.securecafe.com/onlineleasing/bell-westford/oleapplication.aspx?stepname=RentalOptions&myOlePropertyId=1311869&FloorPlanID=3539944&UnitID=28085639&header=1
2026-09-14,2026-09-15T01:21:31+00:00,Breckenridge 1,breckenridge-1,2101,28085718,3539944,3,2,1472,1,4460,9147,0,2026-08-29,2026-08-29,Vacant Unrented Not Ready,1st Floor; Premium View; Balcony; Bianco G; Private Yard; Botticino,,https://bellwestford.securecafe.com/onlineleasing/bell-westford/oleapplication.aspx?stepname=RentalOptions&myOlePropertyId=1311869&FloorPlanID=3539944&UnitID=28085718&header=1
2026-09-14,2026-09-15T01:21:31+00:00,Breckenridge 1,breckenridge-1,3321,28085857,3539944,3,2,1472,3,4200,8861,0,2026-08-28,2026-08-28,Vacant Unrented Ready,3rd Floor; Balcony; Maple White; Angola Black,,https://bellwestford.securecafe.com/onlineleasing/bell-westford/oleapplication.aspx?stepname=RentalOptions&myOlePropertyId=1311869&FloorPlanID=3539944&UnitID=28085857&header=1
2026-09-14,2026-09-15T01:21:31+00:00,Breckenridge 2,breckenridge-2,3401,28085954,3539954,3,2,1503,,4508,9200,0,2025-08-15,2025-08-15,Vacant Unrented Ready,Pool View; Balcony; Ornamental,,https://bellwestford.securecafe.com/onlineleasing/bell-westford/oleapplication.aspx?stepname=RentalOptions&myOlePropertyId=1311869&FloorPlanID=3539954&UnitID=28085954&header=1
2026-09-14,2026-09-15T01:21:31+00:00,Townhome,townhome,0202,28085879,3539955,3,2,1921,,5120,9873,0,2026-08-11,2026-08-11,Vacant Unrented Ready,Townhouse; Shitake,,https://bellwestford.securecafe.com/onlineleasing/bell-westford/oleapplication.aspx?stepname=RentalOptions&myOlePropertyId=1311869&FloorPlanID=3539955&UnitID=28085879&header=1
2026-09-15,2026-09-16T01:18:12+00:00,Denver 2,denver-2,3302,28085934,3539945,0,1,535,,2320,4307,0,2026-08-03,2026-08-03,Vacant Unrented Ready,Balcony; Ornamental,,https://bellwestford.securecafe.com/onlineleasing/bell-westford/oleapplication.aspx?stepname=RentalOptions&myOlePropertyId=1311869&FloorPlanID=3539945&UnitID=28085934&header=1
2026-09-15,2026-09-16T01:18:12+00:00,Denver 2,denver-2,3319,28085950,3539945,0,1,535,,2470,4477,0,2026-06-11,2026-06-11,Vacant Unrented Not Ready,Pool View; Balcony; Ornamental,,https://bellwestford.securecafe.com/onlineleasing/bell-westford/oleapplication.aspx?stepname=RentalOptions&myOlePropertyId=1311869&FloorPlanID=3539945&UnitID=28085950&header=1
2026-09-15,2026-09-16T01:18:12+00:00,Eaton 1,eaton-1,3413,28085870,3539936,1,1,687,4,2520,4415,0,2026-08-28,2026-08-28,Vacant Unrented Ready,Balcony; 4th Floor; Botticino,,https://bellwestford.securecafe.com/onlineleasing/bell-westford/oleapplication.aspx?stepname=RentalOptions&myOlePropertyId=1311869&FloorPlanID=3539936&UnitID=28085870&header=1
2026-09-15,2026-09-16T01:18:12+00:00,Evergreen 1,evergreen-1,1311,28085685,3539938,1,1,789,3,2565,4300,0,2026-10-01,2026-10-01,Notice Unrented,3rd Floor; Balcony; Pool View; Maple White,,https://bellwestford.securecafe.com/onlineleasing/bell-westford/oleapplication.aspx?stepname=RentalOptions&myOlePropertyId=1311869&FloorPlanID=3539938&UnitID=28085685&header=1
2026-09-15,2026-09-16T01:18:12+00:00,Evergreen 1,evergreen-1,2311,28085767,3539938,1,1,789,3,2515,4244,0,2026-10-26,2026-10-26,Notice Unrented,3rd Floor; Premium View; Balcony; Maple White; Bianco,,https://bellwestford.securecafe.com/onlineleasing/bell-westford/oleapplication.aspx?stepname=RentalOptions&myOlePropertyId=1311869&FloorPlanID=3539938&UnitID=28085767&header=1
2026-09-15,2026-09-16T01:18:12+00:00,Evergreen 1,evergreen-1,2411,28085787,3539938,1,1,789,4,2540,4437,0,2026-09-17,2026-09-17,Vacant Unrented Not Ready,4th Floor; Premium View; Botticino; Angola Black,,https://bellwestford.securecafe.com/onlineleasing/bell-westford/oleapplication.aspx?stepname=RentalOptions&myOlePropertyId=1311869&FloorPlanID=3539938&UnitID=28085787&header=1
2026-09-15,2026-09-16T01:18:12+00:00,Evergreen 1,evergreen-1,3310,28085847,3539938,1,1,789,3,2515,4244,0,2026-10-05,2026-10-05,Notice Unrented,3rd Floor; Premium View; Balcony; Maple White; Angola Black,,https://bellwestford.securecafe.com/onlineleasing/bell-westford/oleapplication.aspx?stepname=RentalOptions&myOlePropertyId=1311869&FloorPlanID=3539938&UnitID=28085847&header=1
2026-09-15,2026-09-16T01:18:12+00:00,Evans 2,evans-2,5111,28085984,3539949,1,1,852,,2575,4477,0,2026-07-02,2026-07-02,Vacant Unrented Ready,Ornamental,,https://bellwestford.securecafe.com/onlineleasing/bell-westford/oleapplication.aspx?stepname=RentalOptions&myOlePropertyId=1311869&FloorPlanID=3539949&UnitID=28085984&header=1
2026-09-15,2026-09-16T01:18:12+00:00,Erie 1,erie-1,1119,28085647,3539940,1,1,883,1,2699,4449,0,2026-11-02,2026-11-02,Notice Unrented,Balcony; 1st Floor; Pool View; Maple White,,https://bellwestford.securecafe.com/onlineleasing/bell-westford/oleapplication.aspx?stepname=RentalOptions&myOlePropertyId=1311869&FloorPlanID=3539940&UnitID=28085647&header=1
2026-09-15,2026-09-16T01:18:12+00:00,Erie 1,erie-1,2205,28085742,3539940,1,1,913,2,2724,4646,0,2026-08-28,2026-08-28,Vacant Unrented Ready,Balcony; 2nd Floor; Premium View; Botticino,,https://bellwestford.securecafe.com/onlineleasing/bell-westford/oleapplication.aspx?stepname=RentalOptions&myOlePropertyId=1311869&FloorPlanID=3539940&UnitID=28085742&header=1
2026-09-15,2026-09-16T01:18:12+00:00,Erie 2,erie-2,3205,28085916,3539950,1,1,922,,2720,4641,0,2026-07-04,2026-07-04,Vacant Unrented Ready,Balcony; Pool View; Shitake,,https://bellwestford.securecafe.com/onlineleasing/bell-westford/oleapplication.aspx?stepname=RentalOptions&myOlePropertyId=1311869&FloorPlanID=3539950&UnitID=28085916&header=1
2026-09-15,2026-09-16T01:18:12+00:00,Ames 1,ames-1,3420,28085876,3539941,2,2,1178,4,3106,5562,0,2026-07-02,2026-07-02,Vacant Unrented Ready,4th Floor; Balcony; Premium View; Maple White; Botticino,,https://bellwestford.securecafe.com/onlineleasing/bell-westford/oleapplication.aspx?stepname=RentalOptions&myOlePropertyId=1311869&FloorPlanID=3539941&UnitID=28085876&header=1
2026-09-15,2026-09-16T01:18:12+00:00,Ames 1,ames-1,3102,28085799,3539941,2,2,1188,1,3346,5914,0,2026-09-30,2026-09-30,Notice Unrented,1st Floor; Premium View; Balcony; Maple White; Private Yard; Angola Black,,https://bellwestford.securecafe.com/onlineleasing/bell-westford/oleapplication.aspx?stepname=RentalOptions&myOlePropertyId=1311869&FloorPlanID=3539941&UnitID=28085799&header=1
2026-09-15,2026-09-16T01:18:12+00:00,Ames 1,ames-1,1422,28085716,3539941,2,2,1192,4,3051,5502,0,2026-09-17,2026-09-17,Vacant Unrented Not Ready,4th Floor; Balcony; Premium View; Botticino; Bianco,,https://bellwestford.securecafe.com/onlineleasing/bell-westford/oleapplication.aspx?stepname=RentalOptions&myOlePropertyId=1311869&FloorPlanID=3539941&UnitID=28085716&header=1
2026-09-15,2026-09-16T01:18:12+00:00,Ames 1,ames-1,2420,28085796,3539941,2,2,1192,4,3001,5529,0,2026-10-10,2026-10-10,Notice Unrented,4th Floor; Balcony; Botticino; Maple White,,https://bellwestford.securecafe.com/onlineleasing/bell-westford/oleapplication.aspx?stepname=RentalOptions&myOlePropertyId=1311869&FloorPlanID=3539941&UnitID=28085796&header=1
2026-09-15,2026-09-16T01:18:12+00:00,Ames 2,ames-2,5302,28086017,3539951,2,2,1226,,3065,5087,0,2027-01-10,2027-01-10,Notice Unrented,Premium View; Balcony; Shitake,,https://bellwestford.securecafe.com/onlineleasing/bell-westford/oleapplication.aspx?stepname=RentalOptions&myOlePropertyId=1311869&FloorPlanID=3539951&UnitID=28086017&header=1
2026-09-15,2026-09-16T01:18:12+00:00,Ames 2,ames-2,5422,28086057,3539951,2,2,1227,,3015,5462,0,2026-08-07,2026-08-07,Vacant Unrented Ready,Balcony; Maple White,,https://bellwestford.securecafe.com/onlineleasing/bell-westford/oleapplication.aspx?stepname=RentalOptions&myOlePropertyId=1311869&FloorPlanID=3539951&UnitID=28086057&header=1
2026-09-15,2026-09-16T01:18:12+00:00,Aspen 2,aspen-2,3210,28085920,3539952,2,2,1233,,3105,5561,0,2026-08-03,2026-08-03,Vacant Unrented Ready,Balcony; Shitake,,https://bellwestford.securecafe.com/onlineleasing/bell-westford/oleapplication.aspx?stepname=RentalOptions&myOlePropertyId=1311869&FloorPlanID=3539952&UnitID=28085920&header=1
2026-09-15,2026-09-16T01:18:12+00:00,Aspen 2,aspen-2,3218,28085928,3539952,2,2,1233,,3105,5561,0,2026-06-22,2026-06-22,Vacant Unrented Ready,Balcony; Maple White,,https://bellwestford.securecafe.com/onlineleasing/bell-westford/oleapplication.aspx?stepname=RentalOptions&myOlePropertyId=1311869&FloorPlanID=3539952&UnitID=28085928&header=1
2026-09-15,2026-09-16T01:18:12+00:00,Aspen 1,aspen-1,2118,28085734,3539942,2,2,1234,1,3060,5595,0,2026-09-28,2026-09-28,Notice Unrented,1st Floor; Bianco G; Angola Black,,https://bellwestford.securecafe.com/onlineleasing/bell-westford/oleapplication.aspx?stepname=RentalOptions&myOlePropertyId=1311869&FloorPlanID=3539942&UnitID=28085734&header=1
2026-09-15,2026-09-16T01:18:12+00:00,Aspen 1,aspen-1,3318,28085854,3539942,2,2,1234,3,3265,5433,0,2026-11-15,2026-11-15,Notice Unrented,3rd Floor; Balcony; Premium View; Botticino; Maple White; ADA,,https://bellwestford.securecafe.com/onlineleasing/bell-westford/oleapplication.aspx?stepname=RentalOptions&myOlePropertyId=1311869&FloorPlanID=3539942&UnitID=28085854&header=1
2026-09-15,2026-09-16T01:18:12+00:00,Avon 2,avon-2,5201,28085995,3539953,2,2,1291,,3085,5623,0,2026-09-29,2026-09-29,Notice Unrented,Ornamental,,https://bellwestford.securecafe.com/onlineleasing/bell-westford/oleapplication.aspx?stepname=RentalOptions&myOlePropertyId=1311869&FloorPlanID=3539953&UnitID=28085995&header=1
2026-09-15,2026-09-16T01:18:12+00:00,Avon 1,avon-1,3114,28085811,3539943,2,2,1304,1,3399,5884,0,2026-08-28,2026-08-28,Vacant Unrented Ready,1st Floor; Balcony; Maple White; Private Yard; Botticino,,https://bellwestford.securecafe.com/onlineleasing/bell-westford/oleapplication.aspx?stepname=RentalOptions&myOlePropertyId=1311869&FloorPlanID=3539943&UnitID=28085811&header=1
2026-09-15,2026-09-16T01:18:12+00:00,Breckenridge 1,breckenridge-1,1101,28085639,3539944,3,2,1472,1,4255,9045,0,2026-09-29,2026-09-29,Notice Unrented,1st Floor; Balcony; Pool View; Maple White; Bianco,,https://bellwestford.securecafe.com/onlineleasing/bell-westford/oleapplication.aspx?stepname=RentalOptions&myOlePropertyId=1311869&FloorPlanID=3539944&UnitID=28085639&header=1
2026-09-15,2026-09-16T01:18:12+00:00,Breckenridge 1,breckenridge-1,2101,28085718,3539944,3,2,1472,1,4455,9136,0,2026-08-29,2026-08-29,Vacant Unrented Not Ready,1st Floor; Premium View; Balcony; Bianco G; Private Yard; Botticino,,https://bellwestford.securecafe.com/onlineleasing/bell-westford/oleapplication.aspx?stepname=RentalOptions&myOlePropertyId=1311869&FloorPlanID=3539944&UnitID=28085718&header=1
2026-09-15,2026-09-16T01:18:12+00:00,Breckenridge 1,breckenridge-1,3321,28085857,3539944,3,2,1472,3,4195,8850,0,2026-08-28,2026-08-28,Vacant Unrented Ready,3rd Floor; Balcony; Maple White; Angola Black,,https://bellwestford.securecafe.com/onlineleasing/bell-westford/oleapplication.aspx?stepname=RentalOptions&myOlePropertyId=1311869&FloorPlanID=3539944&UnitID=28085857&header=1
2026-09-15,2026-09-16T01:18:12+00:00,Breckenridge 2,breckenridge-2,3401,28085954,3539954,3,2,1503,,4503,9189,0,2025-08-15,2025-08-15,Vacant Unrented Ready,Pool View; Balcony; Ornamental,,https://bellwestford.securecafe.com/onlineleasing/bell-westford/oleapplication.aspx?stepname=RentalOptions&myOlePropertyId=1311869&FloorPlanID=3539954&UnitID=28085954&header=1
2026-09-15,2026-09-16T01:18:12+00:00,Townhome,townhome,0202,28085879,3539955,3,2,1921,,5115,9862,0,2026-08-11,2026-08-11,Vacant Unrented Ready,Townhouse; Shitake,,https://bellwestford.securecafe.com/onlineleasing/bell-westford/oleapplication.aspx?stepname=RentalOptions&myOlePropertyId=1311869&FloorPlanID=3539955&UnitID=28085879&header=1
2026-09-15,2026-09-16T01:18:12+00:00,Townhome,townhome,0203,28085880,3539955,3,2,1921,,4825,7050,0,2026-11-04,2026-11-04,Notice Unrented,Townhouse; Ornamental,,https://bellwestford.securecafe.com/onlineleasing/bell-westford/oleapplication.aspx?stepname=RentalOptions&myOlePropertyId=1311869&FloorPlanID=3539955&UnitID=28085880&header=1
2026-09-16,2026-09-17T01:17:44+00:00,Denver 2,denver-2,3302,28085934,3539945,0,1,535,,2360,4307,0,2026-08-03,2026-08-03,Vacant Unrented Ready,Balcony; Ornamental,,https://bellwestford.securecafe.com/onlineleasing/bell-westford/oleapplication.aspx?stepname=RentalOptions&myOlePropertyId=1311869&FloorPlanID=3539945&UnitID=28085934&header=1
2026-09-16,2026-09-17T01:17:44+00:00,Denver 2,denver-2,3319,28085950,3539945,0,1,535,,2510,4477,0,2026-06-11,2026-06-11,Vacant Unrented Not Ready,Pool View; Balcony; Ornamental,,https://bellwestford.securecafe.com/onlineleasing/bell-westford/oleapplication.aspx?stepname=RentalOptions&myOlePropertyId=1311869&FloorPlanID=3539945&UnitID=28085950&header=1
2026-09-16,2026-09-17T01:17:44+00:00,Eaton 1,eaton-1,3413,28085870,3539936,1,1,687,4,2495,4415,0,2026-08-28,2026-08-28,Vacant Unrented Ready,Balcony; 4th Floor; Botticino,,https://bellwestford.securecafe.com/onlineleasing/bell-westford/oleapplication.aspx?stepname=RentalOptions&myOlePropertyId=1311869&FloorPlanID=3539936&UnitID=28085870&header=1
2026-09-16,2026-09-17T01:17:44+00:00,Evergreen 1,evergreen-1,1311,28085685,3539938,1,1,789,3,2540,4300,0,2026-10-01,2026-10-01,Notice Unrented,3rd Floor; Balcony; Pool View; Maple White,,https://bellwestford.securecafe.com/onlineleasing/bell-westford/oleapplication.aspx?stepname=RentalOptions&myOlePropertyId=1311869&FloorPlanID=3539938&UnitID=28085685&header=1
2026-09-16,2026-09-17T01:17:44+00:00,Evergreen 1,evergreen-1,2311,28085767,3539938,1,1,789,3,2490,4244,0,2026-10-26,2026-10-26,Notice Unrented,3rd Floor; Premium View; Balcony; Maple White; Bianco,,https://bellwestford.securecafe.com/onlineleasing/bell-westford/oleapplication.aspx?stepname=RentalOptions&myOlePropertyId=1311869&FloorPlanID=3539938&UnitID=28085767&header=1
2026-09-16,2026-09-17T01:17:44+00:00,Evergreen 1,evergreen-1,2411,28085787,3539938,1,1,789,4,2515,4437,0,2026-09-17,2026-09-17,Vacant Unrented Not Ready,4th Floor; Premium View; Botticino; Angola Black,,https://bellwestford.securecafe.com/onlineleasing/bell-westford/oleapplication.aspx?stepname=RentalOptions&myOlePropertyId=1311869&FloorPlanID=3539938&UnitID=28085787&header=1
2026-09-16,2026-09-17T01:17:44+00:00,Evergreen 1,evergreen-1,3310,28085847,3539938,1,1,789,3,2490,4244,0,2026-10-05,2026-10-05,Notice Unrented,3rd Floor; Premium View; Balcony; Maple White; Angola Black,,https://bellwestford.securecafe.com/onlineleasing/bell-westford/oleapplication.aspx?stepname=RentalOptions&myOlePropertyId=1311869&FloorPlanID=3539938&UnitID=28085847&header=1
2026-09-16,2026-09-17T01:17:44+00:00,Evans 2,evans-2,5111,28085984,3539949,1,1,852,,2550,4477,0,2026-07-02,2026-07-02,Vacant Unrented Ready,Ornamental,,https://bellwestford.securecafe.com/onlineleasing/bell-westford/oleapplication.aspx?stepname=RentalOptions&myOlePropertyId=1311869&FloorPlanID=3539949&UnitID=28085984&header=1
2026-09-16,2026-09-17T01:17:44+00:00,Erie 1,erie-1,1119,28085647,3539940,1,1,883,1,2674,4449,0,2026-11-02,2026-11-02,Notice Unrented,Balcony; 1st Floor; Pool View; Maple White,,https://bellwestford.securecafe.com/onlineleasing/bell-westford/oleapplication.aspx?stepname=RentalOptions&myOlePropertyId=1311869&FloorPlanID=3539940&UnitID=28085647&header=1
2026-09-16,2026-09-17T01:17:44+00:00,Erie 1,erie-1,2205,28085742,3539940,1,1,913,2,2699,4646,0,2026-08-28,2026-08-28,Vacant Unrented Ready,Balcony; 2nd Floor; Premium View; Botticino,,https://bellwestford.securecafe.com/onlineleasing/bell-westford/oleapplication.aspx?stepname=RentalOptions&myOlePropertyId=1311869&FloorPlanID=3539940&UnitID=28085742&header=1
2026-09-16,2026-09-17T01:17:44+00:00,Erie 2,erie-2,3205,28085916,3539950,1,1,922,,2695,4641,0,2026-07-04,2026-07-04,Vacant Unrented Ready,Balcony; Pool View; Shitake,,https://bellwestford.securecafe.com/onlineleasing/bell-westford/oleapplication.aspx?stepname=RentalOptions&myOlePropertyId=1311869&FloorPlanID=3539950&UnitID=28085916&header=1
2026-09-16,2026-09-17T01:17:44+00:00,Ames 1,ames-1,3420,28085876,3539941,2,2,1178,4,3121,5562,0,2026-07-02,2026-07-02,Vacant Unrented Ready,4th Floor; Balcony; Premium View; Maple White; Botticino,,https://bellwestford.securecafe.com/onlineleasing/bell-westford/oleapplication.aspx?stepname=RentalOptions&myOlePropertyId=1311869&FloorPlanID=3539941&UnitID=28085876&header=1
2026-09-16,2026-09-17T01:17:44+00:00,Ames 1,ames-1,3102,28085799,3539941,2,2,1188,1,3366,5914,0,2026-09-30,2026-09-30,Notice Unrented,1st Floor; Premium View; Balcony; Maple White; Private Yard; Angola Black,,https://bellwestford.securecafe.com/onlineleasing/bell-westford/oleapplication.aspx?stepname=RentalOptions&myOlePropertyId=1311869&FloorPlanID=3539941&UnitID=28085799&header=1
2026-09-16,2026-09-17T01:17:44+00:00,Ames 1,ames-1,1422,28085716,3539941,2,2,1192,4,3066,5502,0,2026-09-17,2026-09-17,Vacant Unrented Not Ready,4th Floor; Balcony; Premium View; Botticino; Bianco,,https://bellwestford.securecafe.com/onlineleasing/bell-westford/oleapplication.aspx?stepname=RentalOptions&myOlePropertyId=1311869&FloorPlanID=3539941&UnitID=28085716&header=1
2026-09-16,2026-09-17T01:17:44+00:00,Ames 1,ames-1,2420,28085796,3539941,2,2,1192,4,3021,5529,0,2026-10-10,2026-10-10,Notice Unrented,4th Floor; Balcony; Botticino; Maple White,,https://bellwestford.securecafe.com/onlineleasing/bell-westford/oleapplication.aspx?stepname=RentalOptions&myOlePropertyId=1311869&FloorPlanID=3539941&UnitID=28085796&header=1
2026-09-16,2026-09-17T01:17:44+00:00,Ames 2,ames-2,5302,28086017,3539951,2,2,1226,,3075,5087,0,2027-01-10,2027-01-10,Notice Unrented,Premium View; Balcony; Shitake,,https://bellwestford.securecafe.com/onlineleasing/bell-westford/oleapplication.aspx?stepname=RentalOptions&myOlePropertyId=1311869&FloorPlanID=3539951&UnitID=28086017&header=1
2026-09-16,2026-09-17T01:17:44+00:00,Ames 2,ames-2,5422,28086057,3539951,2,2,1227,,3030,5462,0,2026-08-07,2026-08-07,Vacant Unrented Ready,Balcony; Maple White,,https://bellwestford.securecafe.com/onlineleasing/bell-westford/oleapplication.aspx?stepname=RentalOptions&myOlePropertyId=1311869&FloorPlanID=3539951&UnitID=28086057&header=1
2026-09-16,2026-09-17T01:17:44+00:00,Aspen 2,aspen-2,3210,28085920,3539952,2,2,1233,,3120,5561,0,2026-08-03,2026-08-03,Vacant Unrented Ready,Balcony; Shitake,,https://bellwestford.securecafe.com/onlineleasing/bell-westford/oleapplication.aspx?stepname=RentalOptions&myOlePropertyId=1311869&FloorPlanID=3539952&UnitID=28085920&header=1
2026-09-16,2026-09-17T01:17:44+00:00,Aspen 2,aspen-2,3218,28085928,3539952,2,2,1233,,3120,5561,0,2026-06-22,2026-06-22,Vacant Unrented Ready,Balcony; Maple White,,https://bellwestford.securecafe.com/onlineleasing/bell-westford/oleapplication.aspx?stepname=RentalOptions&myOlePropertyId=1311869&FloorPlanID=3539952&UnitID=28085928&header=1
2026-09-16,2026-09-17T01:17:44+00:00,Aspen 1,aspen-1,2118,28085734,3539942,2,2,1234,1,3080,5595,0,2026-09-28,2026-09-28,Notice Unrented,1st Floor; Bianco G; Angola Black,,https://bellwestford.securecafe.com/onlineleasing/bell-westford/oleapplication.aspx?stepname=RentalOptions&myOlePropertyId=1311869&FloorPlanID=3539942&UnitID=28085734&header=1
2026-09-16,2026-09-17T01:17:44+00:00,Aspen 1,aspen-1,3318,28085854,3539942,2,2,1234,3,3280,5433,0,2026-11-15,2026-11-15,Notice Unrented,3rd Floor; Balcony; Premium View; Botticino; Maple White; ADA,,https://bellwestford.securecafe.com/onlineleasing/bell-westford/oleapplication.aspx?stepname=RentalOptions&myOlePropertyId=1311869&FloorPlanID=3539942&UnitID=28085854&header=1
2026-09-16,2026-09-17T01:17:44+00:00,Avon 2,avon-2,5201,28085995,3539953,2,2,1291,,3105,5623,0,2026-09-29,2026-09-29,Notice Unrented,Ornamental,,https://bellwestford.securecafe.com/onlineleasing/bell-westford/oleapplication.aspx?stepname=RentalOptions&myOlePropertyId=1311869&FloorPlanID=3539953&UnitID=28085995&header=1
2026-09-16,2026-09-17T01:17:44+00:00,Avon 1,avon-1,3114,28085811,3539943,2,2,1304,1,3414,5884,0,2026-08-28,2026-08-28,Vacant Unrented Ready,1st Floor; Balcony; Maple White; Private Yard; Botticino,,https://bellwestford.securecafe.com/onlineleasing/bell-westford/oleapplication.aspx?stepname=RentalOptions&myOlePropertyId=1311869&FloorPlanID=3539943&UnitID=28085811&header=1
2026-09-16,2026-09-17T01:17:44+00:00,Breckenridge 1,breckenridge-1,1101,28085639,3539944,3,2,1472,1,4255,9045,0,2026-09-29,2026-09-29,Notice Unrented,1st Floor; Balcony; Pool View; Maple White; Bianco,,https://bellwestford.securecafe.com/onlineleasing/bell-westford/oleapplication.aspx?stepname=RentalOptions&myOlePropertyId=1311869&FloorPlanID=3539944&UnitID=28085639&header=1
2026-09-16,2026-09-17T01:17:44+00:00,Breckenridge 1,breckenridge-1,2101,28085718,3539944,3,2,1472,1,4455,9136,0,2026-08-29,2026-08-29,Vacant Unrented Not Ready,1st Floor; Premium View; Balcony; Bianco G; Private Yard; Botticino,,https://bellwestford.securecafe.com/onlineleasing/bell-westford/oleapplication.aspx?stepname=RentalOptions&myOlePropertyId=1311869&FloorPlanID=3539944&UnitID=28085718&header=1
2026-09-16,2026-09-17T01:17:44+00:00,Breckenridge 1,breckenridge-1,3321,28085857,3539944,3,2,1472,3,4195,8850,0,2026-08-28,2026-08-28,Vacant Unrented Ready,3rd Floor; Balcony; Maple White; Angola Black,,https://bellwestford.securecafe.com/onlineleasing/bell-westford/oleapplication.aspx?stepname=RentalOptions&myOlePropertyId=1311869&FloorPlanID=3539944&UnitID=28085857&header=1
2026-09-16,2026-09-17T01:17:44+00:00,Breckenridge 2,breckenridge-2,3401,28085954,3539954,3,2,1503,,4503,9189,0,2025-08-15,2025-08-15,Vacant Unrented Ready,Pool View; Balcony; Ornamental,,https://bellwestford.securecafe.com/onlineleasing/bell-westford/oleapplication.aspx?stepname=RentalOptions&myOlePropertyId=1311869&FloorPlanID=3539954&UnitID=28085954&header=1
2026-09-16,2026-09-17T01:17:44+00:00,Townhome,townhome,0202,28085879,3539955,3,2,1921,,5115,9862,0,2026-08-11,2026-08-11,Vacant Unrented Ready,Townhouse; Shitake,,https://bellwestford.securecafe.com/onlineleasing/bell-westford/oleapplication.aspx?stepname=RentalOptions&myOlePropertyId=1311869&FloorPlanID=3539955&UnitID=28085879&header=1
2026-09-16,2026-09-17T01:17:44+00:00,Townhome,townhome,0203,28085880,3539955,3,2,1921,,4825,7873,0,2026-11-04,2026-11-04,Notice Unrented,Townhouse; Ornamental,,https://bellwestford.securecafe.com/onlineleasing/bell-westford/oleapplication.aspx?stepname=RentalOptions&myOlePropertyId=1311869&FloorPlanID=3539955&UnitID=28085880&header=1
2026-09-16,2026-09-17T01:17:44+00:00,Townhome,townhome,0602,28085885,3539955,3,2,1921,,5200,8430,0,2027-01-10,2027-01-10,Notice Unrented,Townhouse; Maple White,,https://bellwestford.securecafe.com/onlineleasing/bell-westford/oleapplication.aspx?stepname=RentalOptions&myOlePropertyId=1311869&FloorPlanID=3539955&UnitID=28085885&header=1
2026-09-17,2026-09-18T01:12:42+00:00,Denver 2,denver-2,3302,28085934,3539945,0,1,535,,2360,4307,0,2026-08-03,2026-08-03,Vacant Unrented Ready,Balcony; Ornamental,,https://bellwestford.securecafe.com/onlineleasing/bell-westford/oleapplication.aspx?stepname=RentalOptions&myOlePropertyId=1311869&FloorPlanID=3539945&UnitID=28085934&header=1
2026-09-17,2026-09-18T01:12:42+00:00,Denver 2,denver-2,3319,28085950,3539945,0,1,535,,2510,4477,0,2026-06-11,2026-06-11,Vacant Unrented Not Ready,Pool View; Balcony; Ornamental,,https://bellwestford.securecafe.com/onlineleasing/bell-westford/oleapplication.aspx?stepname=RentalOptions&myOlePropertyId=1311869&FloorPlanID=3539945&UnitID=28085950&header=1
2026-09-17,2026-09-18T01:12:42+00:00,Eaton 1,eaton-1,3413,28085870,3539936,1,1,687,4,2490,4415,0,2026-08-28,2026-08-28,Vacant Unrented Ready,Balcony; 4th Floor; Botticino,,https://bellwestford.securecafe.com/onlineleasing/bell-westford/oleapplication.aspx?stepname=RentalOptions&myOlePropertyId=1311869&FloorPlanID=3539936&UnitID=28085870&header=1
2026-09-17,2026-09-18T01:12:42+00:00,Evergreen 1,evergreen-1,1311,28085685,3539938,1,1,789,3,2535,4300,0,2026-10-01,2026-10-01,Notice Unrented,3rd Floor; Balcony; Pool View; Maple White,,https://bellwestford.securecafe.com/onlineleasing/bell-westford/oleapplication.aspx?stepname=RentalOptions&myOlePropertyId=1311869&FloorPlanID=3539938&UnitID=28085685&header=1
2026-09-17,2026-09-18T01:12:42+00:00,Evergreen 1,evergreen-1,2311,28085767,3539938,1,1,789,3,2485,4244,0,2026-10-26,2026-10-26,Notice Unrented,3rd Floor; Premium View; Balcony; Maple White; Bianco,,https://bellwestford.securecafe.com/onlineleasing/bell-westford/oleapplication.aspx?stepname=RentalOptions&myOlePropertyId=1311869&FloorPlanID=3539938&UnitID=28085767&header=1
2026-09-17,2026-09-18T01:12:42+00:00,Evergreen 1,evergreen-1,2411,28085787,3539938,1,1,789,4,2510,4437,0,2026-09-17,2026-09-17,Vacant Unrented Not Ready,4th Floor; Premium View; Botticino; Angola Black,,https://bellwestford.securecafe.com/onlineleasing/bell-westford/oleapplication.aspx?stepname=RentalOptions&myOlePropertyId=1311869&FloorPlanID=3539938&UnitID=28085787&header=1
2026-09-17,2026-09-18T01:12:42+00:00,Evergreen 1,evergreen-1,3310,28085847,3539938,1,1,789,3,2485,4244,0,2026-10-05,2026-10-05,Notice Unrented,3rd Floor; Premium View; Balcony; Maple White; Angola Black,,https://bellwestford.securecafe.com/onlineleasing/bell-westford/oleapplication.aspx?stepname=RentalOptions&myOlePropertyId=1311869&FloorPlanID=3539938&UnitID=28085847&header=1
2026-09-17,2026-09-18T01:12:42+00:00,Evans 2,evans-2,5111,28085984,3539949,1,1,852,,2545,4477,0,2026-07-02,2026-07-02,Vacant Unrented Ready,Ornamental,,https://bellwestford.securecafe.com/onlineleasing/bell-westford/oleapplication.aspx?stepname=RentalOptions&myOlePropertyId=1311869&FloorPlanID=3539949&UnitID=28085984&header=1
2026-09-17,2026-09-18T01:12:42+00:00,Erie 1,erie-1,1119,28085647,3539940,1,1,883,1,2669,4449,0,2026-11-02,2026-11-02,Notice Unrented,Balcony; 1st Floor; Pool View; Maple White,,https://bellwestford.securecafe.com/onlineleasing/bell-westford/oleapplication.aspx?stepname=RentalOptions&myOlePropertyId=1311869&FloorPlanID=3539940&UnitID=28085647&header=1
2026-09-17,2026-09-18T01:12:42+00:00,Erie 1,erie-1,2205,28085742,3539940,1,1,913,2,2694,4646,0,2026-08-28,2026-08-28,Vacant Unrented Ready,Balcony; 2nd Floor; Premium View; Botticino,,https://bellwestford.securecafe.com/onlineleasing/bell-westford/oleapplication.aspx?stepname=RentalOptions&myOlePropertyId=1311869&FloorPlanID=3539940&UnitID=28085742&header=1
2026-09-17,2026-09-18T01:12:42+00:00,Erie 2,erie-2,3205,28085916,3539950,1,1,922,,2690,4641,0,2026-07-04,2026-07-04,Vacant Unrented Ready,Balcony; Pool View; Shitake,,https://bellwestford.securecafe.com/onlineleasing/bell-westford/oleapplication.aspx?stepname=RentalOptions&myOlePropertyId=1311869&FloorPlanID=3539950&UnitID=28085916&header=1
2026-09-17,2026-09-18T01:12:42+00:00,Ames 1,ames-1,3420,28085876,3539941,2,2,1178,4,3116,5562,0,2026-07-02,2026-07-02,Vacant Unrented Ready,4th Floor; Balcony; Premium View; Maple White; Botticino,,https://bellwestford.securecafe.com/onlineleasing/bell-westford/oleapplication.aspx?stepname=RentalOptions&myOlePropertyId=1311869&FloorPlanID=3539941&UnitID=28085876&header=1
2026-09-17,2026-09-18T01:12:42+00:00,Ames 1,ames-1,3102,28085799,3539941,2,2,1188,1,3356,5914,0,2026-09-30,2026-09-30,Notice Unrented,1st Floor; Premium View; Balcony; Maple White; Private Yard; Angola Black,,https://bellwestford.securecafe.com/onlineleasing/bell-westford/oleapplication.aspx?stepname=RentalOptions&myOlePropertyId=1311869&FloorPlanID=3539941&UnitID=28085799&header=1
2026-09-17,2026-09-18T01:12:42+00:00,Ames 1,ames-1,1422,28085716,3539941,2,2,1192,4,3061,5502,0,2026-09-17,2026-09-17,Vacant Unrented Not Ready,4th Floor; Balcony; Premium View; Botticino; Bianco,,https://bellwestford.securecafe.com/onlineleasing/bell-westford/oleapplication.aspx?stepname=RentalOptions&myOlePropertyId=1311869&FloorPlanID=3539941&UnitID=28085716&header=1
2026-09-17,2026-09-18T01:12:42+00:00,Ames 1,ames-1,2420,28085796,3539941,2,2,1192,4,3011,5529,0,2026-10-10,2026-10-10,Notice Unrented,4th Floor; Balcony; Botticino; Maple White,,https://bellwestford.securecafe.com/onlineleasing/bell-westford/oleapplication.aspx?stepname=RentalOptions&myOlePropertyId=1311869&FloorPlanID=3539941&UnitID=28085796&header=1
2026-09-17,2026-09-18T01:12:42+00:00,Ames 2,ames-2,5302,28086017,3539951,2,2,1226,,3070,5087,0,2027-01-10,2027-01-10,Notice Unrented,Premium View; Balcony; Shitake,,https://bellwestford.securecafe.com/onlineleasing/bell-westford/oleapplication.aspx?stepname=RentalOptions&myOlePropertyId=1311869&FloorPlanID=3539951&UnitID=28086017&header=1
2026-09-17,2026-09-18T01:12:42+00:00,Ames 2,ames-2,5422,28086057,3539951,2,2,1227,,3025,5462,0,2026-08-07,2026-08-07,Vacant Unrented Ready,Balcony; Maple White,,https://bellwestford.securecafe.com/onlineleasing/bell-westford/oleapplication.aspx?stepname=RentalOptions&myOlePropertyId=1311869&FloorPlanID=3539951&UnitID=28086057&header=1
2026-09-17,2026-09-18T01:12:42+00:00,Aspen 2,aspen-2,3210,28085920,3539952,2,2,1233,,3115,5561,0,2026-08-03,2026-08-03,Vacant Unrented Ready,Balcony; Shitake,,https://bellwestford.securecafe.com/onlineleasing/bell-westford/oleapplication.aspx?stepname=RentalOptions&myOlePropertyId=1311869&FloorPlanID=3539952&UnitID=28085920&header=1
2026-09-17,2026-09-18T01:12:42+00:00,Aspen 2,aspen-2,3218,28085928,3539952,2,2,1233,,3115,5561,0,2026-06-22,2026-06-22,Vacant Unrented Ready,Balcony; Maple White,,https://bellwestford.securecafe.com/onlineleasing/bell-westford/oleapplication.aspx?stepname=RentalOptions&myOlePropertyId=1311869&FloorPlanID=3539952&UnitID=28085928&header=1
2026-09-17,2026-09-18T01:12:42+00:00,Aspen 1,aspen-1,2118,28085734,3539942,2,2,1234,1,3070,5595,0,2026-09-28,2026-09-28,Notice Unrented,1st Floor; Bianco G; Angola Black,,https://bellwestford.securecafe.com/onlineleasing/bell-westford/oleapplication.aspx?stepname=RentalOptions&myOlePropertyId=1311869&FloorPlanID=3539942&UnitID=28085734&header=1
2026-09-17,2026-09-18T01:12:42+00:00,Aspen 1,aspen-1,3318,28085854,3539942,2,2,1234,3,3275,5433,0,2026-11-15,2026-11-15,Notice Unrented,3rd Floor; Balcony; Premium View; Botticino; Maple White; ADA,,https://bellwestford.securecafe.com/onlineleasing/bell-westford/oleapplication.aspx?stepname=RentalOptions&myOlePropertyId=1311869&FloorPlanID=3539942&UnitID=28085854&header=1
2026-09-17,2026-09-18T01:12:42+00:00,Avon 2,avon-2,5201,28085995,3539953,2,2,1291,,3095,5623,0,2026-09-29,2026-09-29,Notice Unrented,Ornamental,,https://bellwestford.securecafe.com/onlineleasing/bell-westford/oleapplication.aspx?stepname=RentalOptions&myOlePropertyId=1311869&FloorPlanID=3539953&UnitID=28085995&header=1
2026-09-17,2026-09-18T01:12:42+00:00,Avon 1,avon-1,3114,28085811,3539943,2,2,1304,1,3409,5884,0,2026-08-28,2026-08-28,Vacant Unrented Ready,1st Floor; Balcony; Maple White; Private Yard; Botticino,,https://bellwestford.securecafe.com/onlineleasing/bell-westford/oleapplication.aspx?stepname=RentalOptions&myOlePropertyId=1311869&FloorPlanID=3539943&UnitID=28085811&header=1
2026-09-17,2026-09-18T01:12:42+00:00,Breckenridge 1,breckenridge-1,1101,28085639,3539944,3,2,1472,1,4255,9347,0,2026-09-29,2026-09-29,Notice Unrented,1st Floor; Balcony; Pool View; Maple White; Bianco,,https://bellwestford.securecafe.com/onlineleasing/bell-westford/oleapplication.aspx?stepname=RentalOptions&myOlePropertyId=1311869&FloorPlanID=3539944&UnitID=28085639&header=1
2026-09-17,2026-09-18T01:12:42+00:00,Breckenridge 1,breckenridge-1,2101,28085718,3539944,3,2,1472,1,4455,9438,0,2026-08-29,2026-08-29,Vacant Unrented Not Ready,1st Floor; Premium View; Balcony; Bianco G; Private Yard; Botticino,,https://bellwestford.securecafe.com/onlineleasing/bell-westford/oleapplication.aspx?stepname=RentalOptions&myOlePropertyId=1311869&FloorPlanID=3539944&UnitID=28085718&header=1
2026-09-17,2026-09-18T01:12:42+00:00,Breckenridge 1,breckenridge-1,3321,28085857,3539944,3,2,1472,3,4195,9152,0,2026-08-28,2026-08-28,Vacant Unrented Ready,3rd Floor; Balcony; Maple White; Angola Black,,https://bellwestford.securecafe.com/onlineleasing/bell-westford/oleapplication.aspx?stepname=RentalOptions&myOlePropertyId=1311869&FloorPlanID=3539944&UnitID=28085857&header=1
2026-09-17,2026-09-18T01:12:42+00:00,Breckenridge 2,breckenridge-2,3401,28085954,3539954,3,2,1503,,4503,9491,0,2025-08-15,2025-08-15,Vacant Unrented Ready,Pool View; Balcony; Ornamental,,https://bellwestford.securecafe.com/onlineleasing/bell-westford/oleapplication.aspx?stepname=RentalOptions&myOlePropertyId=1311869&FloorPlanID=3539954&UnitID=28085954&header=1
2026-09-17,2026-09-18T01:12:42+00:00,Townhome,townhome,0202,28085879,3539955,3,2,1921,,5115,10164,0,2026-08-11,2026-08-11,Vacant Unrented Ready,Townhouse; Shitake,,https://bellwestford.securecafe.com/onlineleasing/bell-westford/oleapplication.aspx?stepname=RentalOptions&myOlePropertyId=1311869&FloorPlanID=3539955&UnitID=28085879&header=1
2026-09-17,2026-09-18T01:12:42+00:00,Townhome,townhome,0203,28085880,3539955,3,2,1921,,4825,7873,0,2026-11-04,2026-11-04,Notice Unrented,Townhouse; Ornamental,,https://bellwestford.securecafe.com/onlineleasing/bell-westford/oleapplication.aspx?stepname=RentalOptions&myOlePropertyId=1311869&FloorPlanID=3539955&UnitID=28085880&header=1
2026-09-17,2026-09-18T01:12:42+00:00,Townhome,townhome,0602,28085885,3539955,3,2,1921,,5190,9168,0,2027-01-10,2027-01-10,Notice Unrented,Townhouse; Maple White,,https://bellwestford.securecafe.com/onlineleasing/bell-westford/oleapplication.aspx?stepname=RentalOptions&myOlePropertyId=1311869&FloorPlanID=3539955&UnitID=28085885&header=1
2026-09-18,2026-09-19T01:06:24+00:00,Denver 2,denver-2,3302,28085934,3539945,0,1,535,,2360,4307,0,2026-08-03,2026-08-03,Vacant Unrented Ready,Balcony; Ornamental,,https://bellwestford.securecafe.com/onlineleasing/bell-westford/oleapplication.aspx?stepname=RentalOptions&myOlePropertyId=1311869&FloorPlanID=3539945&UnitID=28085934&header=1
2026-09-18,2026-09-19T01:06:24+00:00,Denver 2,denver-2,3319,28085950,3539945,0,1,535,,2510,4477,0,2026-06-11,2026-06-11,Vacant Unrented Not Ready,Pool View; Balcony; Ornamental,,https://bellwestford.securecafe.com/onlineleasing/bell-westford/oleapplication.aspx?stepname=RentalOptions&myOlePropertyId=1311869&FloorPlanID=3539945&UnitID=28085950&header=1
2026-09-18,2026-09-19T01:06:24+00:00,Eaton 1,eaton-1,3413,28085870,3539936,1,1,687,4,2490,4415,0,2026-08-28,2026-08-28,Vacant Unrented Ready,Balcony; 4th Floor; Botticino,,https://bellwestford.securecafe.com/onlineleasing/bell-westford/oleapplication.aspx?stepname=RentalOptions&myOlePropertyId=1311869&FloorPlanID=3539936&UnitID=28085870&header=1
2026-09-18,2026-09-19T01:06:24+00:00,Evergreen 1,evergreen-1,1311,28085685,3539938,1,1,789,3,2535,4300,0,2026-10-01,2026-10-01,Notice Unrented,3rd Floor; Balcony; Pool View; Maple White,,https://bellwestford.securecafe.com/onlineleasing/bell-westford/oleapplication.aspx?stepname=RentalOptions&myOlePropertyId=1311869&FloorPlanID=3539938&UnitID=28085685&header=1
2026-09-18,2026-09-19T01:06:24+00:00,Evergreen 1,evergreen-1,2311,28085767,3539938,1,1,789,3,2485,4244,0,2026-10-26,2026-10-26,Notice Unrented,3rd Floor; Premium View; Balcony; Maple White; Bianco,,https://bellwestford.securecafe.com/onlineleasing/bell-westford/oleapplication.aspx?stepname=RentalOptions&myOlePropertyId=1311869&FloorPlanID=3539938&UnitID=28085767&header=1
2026-09-18,2026-09-19T01:06:24+00:00,Evergreen 1,evergreen-1,2411,28085787,3539938,1,1,789,4,2510,4437,0,2026-09-17,2026-09-17,Vacant Unrented Not Ready,4th Floor; Premium View; Botticino; Angola Black,,https://bellwestford.securecafe.com/onlineleasing/bell-westford/oleapplication.aspx?stepname=RentalOptions&myOlePropertyId=1311869&FloorPlanID=3539938&UnitID=28085787&header=1
2026-09-18,2026-09-19T01:06:24+00:00,Evergreen 1,evergreen-1,3310,28085847,3539938,1,1,789,3,2485,4244,0,2026-10-05,2026-10-05,Notice Unrented,3rd Floor; Premium View; Balcony; Maple White; Angola Black,,https://bellwestford.securecafe.com/onlineleasing/bell-westford/oleapplication.aspx?stepname=RentalOptions&myOlePropertyId=1311869&FloorPlanID=3539938&UnitID=28085847&header=1
2026-09-18,2026-09-19T01:06:24+00:00,Evans 2,evans-2,5111,28085984,3539949,1,1,852,,2545,4477,0,2026-07-02,2026-07-02,Vacant Unrented Ready,Ornamental,,https://bellwestford.securecafe.com/onlineleasing/bell-westford/oleapplication.aspx?stepname=RentalOptions&myOlePropertyId=1311869&FloorPlanID=3539949&UnitID=28085984&header=1
2026-09-18,2026-09-19T01:06:24+00:00,Erie 1,erie-1,1119,28085647,3539940,1,1,883,1,2669,4449,0,2026-11-02,2026-11-02,Notice Unrented,Balcony; 1st Floor; Pool View; Maple White,,https://bellwestford.securecafe.com/onlineleasing/bell-westford/oleapplication.aspx?stepname=RentalOptions&myOlePropertyId=1311869&FloorPlanID=3539940&UnitID=28085647&header=1
2026-09-18,2026-09-19T01:06:24+00:00,Erie 1,erie-1,2205,28085742,3539940,1,1,913,2,2694,4646,0,2026-08-28,2026-08-28,Vacant Unrented Ready,Balcony; 2nd Floor; Premium View; Botticino,,https://bellwestford.securecafe.com/onlineleasing/bell-westford/oleapplication.aspx?stepname=RentalOptions&myOlePropertyId=1311869&FloorPlanID=3539940&UnitID=28085742&header=1
2026-09-18,2026-09-19T01:06:24+00:00,Erie 2,erie-2,3205,28085916,3539950,1,1,922,,2690,4641,0,2026-07-04,2026-07-04,Vacant Unrented Ready,Balcony; Pool View; Shitake,,https://bellwestford.securecafe.com/onlineleasing/bell-westford/oleapplication.aspx?stepname=RentalOptions&myOlePropertyId=1311869&FloorPlanID=3539950&UnitID=28085916&header=1
2026-09-18,2026-09-19T01:06:24+00:00,Ames 1,ames-1,3420,28085876,3539941,2,2,1178,4,3111,5562,0,2026-07-02,2026-07-02,Vacant Unrented Ready,4th Floor; Balcony; Premium View; Maple White; Botticino,,https://bellwestford.securecafe.com/onlineleasing/bell-westford/oleapplication.aspx?stepname=RentalOptions&myOlePropertyId=1311869&FloorPlanID=3539941&UnitID=28085876&header=1
2026-09-18,2026-09-19T01:06:24+00:00,Ames 1,ames-1,3102,28085799,3539941,2,2,1188,1,3356,5914,0,2026-09-30,2026-09-30,Notice Unrented,1st Floor; Premium View; Balcony; Maple White; Private Yard; Angola Black,,https://bellwestford.securecafe.com/onlineleasing/bell-westford/oleapplication.aspx?stepname=RentalOptions&myOlePropertyId=1311869&FloorPlanID=3539941&UnitID=28085799&header=1
2026-09-18,2026-09-19T01:06:24+00:00,Ames 1,ames-1,1422,28085716,3539941,2,2,1192,4,3056,5502,0,2026-09-17,2026-09-17,Vacant Unrented Not Ready,4th Floor; Balcony; Premium View; Botticino; Bianco,,https://bellwestford.securecafe.com/onlineleasing/bell-westford/oleapplication.aspx?stepname=RentalOptions&myOlePropertyId=1311869&FloorPlanID=3539941&UnitID=28085716&header=1
2026-09-18,2026-09-19T01:06:24+00:00,Ames 1,ames-1,2420,28085796,3539941,2,2,1192,4,3011,5529,0,2026-10-10,2026-10-10,Notice Unrented,4th Floor; Balcony; Botticino; Maple White,,https://bellwestford.securecafe.com/onlineleasing/bell-westford/oleapplication.aspx?stepname=RentalOptions&myOlePropertyId=1311869&FloorPlanID=3539941&UnitID=28085796&header=1
2026-09-18,2026-09-19T01:06:24+00:00,Ames 2,ames-2,5302,28086017,3539951,2,2,1226,,3065,5087,0,2027-01-10,2027-01-10,Notice Unrented,Premium View; Balcony; Shitake,,https://bellwestford.securecafe.com/onlineleasing/bell-westford/oleapplication.aspx?stepname=RentalOptions&myOlePropertyId=1311869&FloorPlanID=3539951&UnitID=28086017&header=1
2026-09-18,2026-09-19T01:06:24+00:00,Ames 2,ames-2,5422,28086057,3539951,2,2,1227,,3020,5462,0,2026-08-07,2026-08-07,Vacant Unrented Ready,Balcony; Maple White,,https://bellwestford.securecafe.com/onlineleasing/bell-westford/oleapplication.aspx?stepname=RentalOptions&myOlePropertyId=1311869&FloorPlanID=3539951&UnitID=28086057&header=1
2026-09-18,2026-09-19T01:06:24+00:00,Aspen 2,aspen-2,3210,28085920,3539952,2,2,1233,,3110,5561,0,2026-08-03,2026-08-03,Vacant Unrented Ready,Balcony; Shitake,,https://bellwestford.securecafe.com/onlineleasing/bell-westford/oleapplication.aspx?stepname=RentalOptions&myOlePropertyId=1311869&FloorPlanID=3539952&UnitID=28085920&header=1
2026-09-18,2026-09-19T01:06:24+00:00,Aspen 2,aspen-2,3218,28085928,3539952,2,2,1233,,3110,5561,0,2026-06-22,2026-06-22,Vacant Unrented Ready,Balcony; Maple White,,https://bellwestford.securecafe.com/onlineleasing/bell-westford/oleapplication.aspx?stepname=RentalOptions&myOlePropertyId=1311869&FloorPlanID=3539952&UnitID=28085928&header=1
2026-09-18,2026-09-19T01:06:24+00:00,Aspen 1,aspen-1,2118,28085734,3539942,2,2,1234,1,3070,5595,0,2026-09-28,2026-09-28,Notice Unrented,1st Floor; Bianco G; Angola Black,,https://bellwestford.securecafe.com/onlineleasing/bell-westford/oleapplication.aspx?stepname=RentalOptions&myOlePropertyId=1311869&FloorPlanID=3539942&UnitID=28085734&header=1
2026-09-18,2026-09-19T01:06:24+00:00,Aspen 1,aspen-1,3318,28085854,3539942,2,2,1234,3,3270,5433,0,2026-11-15,2026-11-15,Notice Unrented,3rd Floor; Balcony; Premium View; Botticino; Maple White; ADA,,https://bellwestford.securecafe.com/onlineleasing/bell-westford/oleapplication.aspx?stepname=RentalOptions&myOlePropertyId=1311869&FloorPlanID=3539942&UnitID=28085854&header=1
2026-09-18,2026-09-19T01:06:24+00:00,Avon 2,avon-2,5201,28085995,3539953,2,2,1291,,3095,5623,0,2026-09-29,2026-09-29,Notice Unrented,Ornamental,,https://bellwestford.securecafe.com/onlineleasing/bell-westford/oleapplication.aspx?stepname=RentalOptions&myOlePropertyId=1311869&FloorPlanID=3539953&UnitID=28085995&header=1
2026-09-18,2026-09-19T01:06:24+00:00,Avon 1,avon-1,3114,28085811,3539943,2,2,1304,1,3404,5884,0,2026-08-28,2026-08-28,Vacant Unrented Ready,1st Floor; Balcony; Maple White; Private Yard; Botticino,,https://bellwestford.securecafe.com/onlineleasing/bell-westford/oleapplication.aspx?stepname=RentalOptions&myOlePropertyId=1311869&FloorPlanID=3539943&UnitID=28085811&header=1
2026-09-18,2026-09-19T01:06:24+00:00,Breckenridge 1,breckenridge-1,1101,28085639,3539944,3,2,1472,1,4255,9347,0,2026-09-29,2026-09-29,Notice Unrented,1st Floor; Balcony; Pool View; Maple White; Bianco,,https://bellwestford.securecafe.com/onlineleasing/bell-westford/oleapplication.aspx?stepname=RentalOptions&myOlePropertyId=1311869&FloorPlanID=3539944&UnitID=28085639&header=1
2026-09-18,2026-09-19T01:06:24+00:00,Breckenridge 1,breckenridge-1,2101,28085718,3539944,3,2,1472,1,4455,9438,0,2026-09-18,2026-09-18,Vacant Unrented Ready,1st Floor; Premium View; Balcony; Bianco G; Private Yard; Botticino,,https://bellwestford.securecafe.com/onlineleasing/bell-westford/oleapplication.aspx?stepname=RentalOptions&myOlePropertyId=1311869&FloorPlanID=3539944&UnitID=28085718&header=1
2026-09-18,2026-09-19T01:06:24+00:00,Breckenridge 1,breckenridge-1,3321,28085857,3539944,3,2,1472,3,4195,9152,0,2026-08-28,2026-08-28,Vacant Unrented Ready,3rd Floor; Balcony; Maple White; Angola Black,,https://bellwestford.securecafe.com/onlineleasing/bell-westford/oleapplication.aspx?stepname=RentalOptions&myOlePropertyId=1311869&FloorPlanID=3539944&UnitID=28085857&header=1
2026-09-18,2026-09-19T01:06:24+00:00,Breckenridge 2,breckenridge-2,3401,28085954,3539954,3,2,1503,,4503,9491,0,2025-08-15,2025-08-15,Vacant Unrented Ready,Pool View; Balcony; Ornamental,,https://bellwestford.securecafe.com/onlineleasing/bell-westford/oleapplication.aspx?stepname=RentalOptions&myOlePropertyId=1311869&FloorPlanID=3539954&UnitID=28085954&header=1
2026-09-18,2026-09-19T01:06:24+00:00,Townhome,townhome,0202,28085879,3539955,3,2,1921,,5115,10164,0,2026-08-11,2026-08-11,Vacant Unrented Ready,Townhouse; Shitake,,https://bellwestford.securecafe.com/onlineleasing/bell-westford/oleapplication.aspx?stepname=RentalOptions&myOlePropertyId=1311869&FloorPlanID=3539955&UnitID=28085879&header=1
2026-09-18,2026-09-19T01:06:24+00:00,Townhome,townhome,0203,28085880,3539955,3,2,1921,,4825,7873,0,2026-11-04,2026-11-04,Notice Unrented,Townhouse; Ornamental,,https://bellwestford.securecafe.com/onlineleasing/bell-westford/oleapplication.aspx?stepname=RentalOptions&myOlePropertyId=1311869&FloorPlanID=3539955&UnitID=28085880&header=1
2026-09-18,2026-09-19T01:06:24+00:00,Townhome,townhome,0602,28085885,3539955,3,2,1921,,5190,9168,0,2027-01-10,2027-01-10,Notice Unrented,Townhouse; Maple White,,https://bellwestford.securecafe.com/onlineleasing/bell-westford/oleapplication.aspx?stepname=RentalOptions&myOlePropertyId=1311869&FloorPlanID=3539955&UnitID=28085885&header=1
2026-09-19,2026-09-20T00:57:38+00:00,Denver 2,denver-2,3302,28085934,3539945,0,1,535,,2355,4307,0,2026-08-03,2026-08-03,Vacant Unrented Ready,Balcony; Ornamental,,https://bellwestford.securecafe.com/onlineleasing/bell-westford/oleapplication.aspx?stepname=RentalOptions&myOlePropertyId=1311869&FloorPlanID=3539945&UnitID=28085934&header=1
2026-09-19,2026-09-20T00:57:38+00:00,Denver 2,denver-2,3319,28085950,3539945,0,1,535,,2505,4477,0,2026-06-11,2026-06-11,Vacant Unrented Not Ready,Pool View; Balcony; Ornamental,,https://bellwestford.securecafe.com/onlineleasing/bell-westford/oleapplication.aspx?stepname=RentalOptions&myOlePropertyId=1311869&FloorPlanID=3539945&UnitID=28085950&header=1
2026-09-19,2026-09-20T00:57:38+00:00,Eaton 1,eaton-1,3413,28085870,3539936,1,1,687,4,2480,4415,0,2026-08-28,2026-08-28,Vacant Unrented Ready,Balcony; 4th Floor; Botticino,,https://bellwestford.securecafe.com/onlineleasing/bell-westford/oleapplication.aspx?stepname=RentalOptions&myOlePropertyId=1311869&FloorPlanID=3539936&UnitID=28085870&header=1
2026-09-19,2026-09-20T00:57:38+00:00,Evergreen 1,evergreen-1,1311,28085685,3539938,1,1,789,3,2525,4300,0,2026-10-01,2026-10-01,Notice Unrented,3rd Floor; Balcony; Pool View; Maple White,,https://bellwestford.securecafe.com/onlineleasing/bell-westford/oleapplication.aspx?stepname=RentalOptions&myOlePropertyId=1311869&FloorPlanID=3539938&UnitID=28085685&header=1
2026-09-19,2026-09-20T00:57:38+00:00,Evergreen 1,evergreen-1,2411,28085787,3539938,1,1,789,4,2500,4437,0,2026-09-17,2026-09-17,Vacant Unrented Not Ready,4th Floor; Premium View; Botticino; Angola Black,,https://bellwestford.securecafe.com/onlineleasing/bell-westford/oleapplication.aspx?stepname=RentalOptions&myOlePropertyId=1311869&FloorPlanID=3539938&UnitID=28085787&header=1
2026-09-19,2026-09-20T00:57:38+00:00,Evergreen 1,evergreen-1,3310,28085847,3539938,1,1,789,3,2475,4244,0,2026-10-05,2026-10-05,Notice Unrented,3rd Floor; Premium View; Balcony; Maple White; Angola Black,,https://bellwestford.securecafe.com/onlineleasing/bell-westford/oleapplication.aspx?stepname=RentalOptions&myOlePropertyId=1311869&FloorPlanID=3539938&UnitID=28085847&header=1
2026-09-19,2026-09-20T00:57:38+00:00,Evans 2,evans-2,5111,28085984,3539949,1,1,852,,2535,4477,0,2026-07-02,2026-07-02,Vacant Unrented Ready,Ornamental,,https://bellwestford.securecafe.com/onlineleasing/bell-westford/oleapplication.aspx?stepname=RentalOptions&myOlePropertyId=1311869&FloorPlanID=3539949&UnitID=28085984&header=1
2026-09-19,2026-09-20T00:57:38+00:00,Erie 1,erie-1,1119,28085647,3539940,1,1,883,1,2659,4449,0,2026-11-02,2026-11-02,Notice Unrented,Balcony; 1st Floor; Pool View; Maple White,,https://bellwestford.securecafe.com/onlineleasing/bell-westford/oleapplication.aspx?stepname=RentalOptions&myOlePropertyId=1311869&FloorPlanID=3539940&UnitID=28085647&header=1
2026-09-19,2026-09-20T00:57:38+00:00,Erie 1,erie-1,2205,28085742,3539940,1,1,913,2,2684,4646,0,2026-08-28,2026-08-28,Vacant Unrented Ready,Balcony; 2nd Floor; Premium View; Botticino,,https://bellwestford.securecafe.com/onlineleasing/bell-westford/oleapplication.aspx?stepname=RentalOptions&myOlePropertyId=1311869&FloorPlanID=3539940&UnitID=28085742&header=1
2026-09-19,2026-09-20T00:57:38+00:00,Erie 2,erie-2,3205,28085916,3539950,1,1,922,,2680,4641,0,2026-07-04,2026-07-04,Vacant Unrented Ready,Balcony; Pool View; Shitake,,https://bellwestford.securecafe.com/onlineleasing/bell-westford/oleapplication.aspx?stepname=RentalOptions&myOlePropertyId=1311869&FloorPlanID=3539950&UnitID=28085916&header=1
2026-09-19,2026-09-20T00:57:38+00:00,Ames 1,ames-1,3420,28085876,3539941,2,2,1178,4,3106,5562,0,2026-07-02,2026-07-02,Vacant Unrented Ready,4th Floor; Balcony; Premium View; Maple White; Botticino,,https://bellwestford.securecafe.com/onlineleasing/bell-westford/oleapplication.aspx?stepname=RentalOptions&myOlePropertyId=1311869&FloorPlanID=3539941&UnitID=28085876&header=1
2026-09-19,2026-09-20T00:57:38+00:00,Ames 1,ames-1,3102,28085799,3539941,2,2,1188,1,3346,5914,0,2026-09-30,2026-09-30,Notice Unrented,1st Floor; Premium View; Balcony; Maple White; Private Yard; Angola Black,,https://bellwestford.securecafe.com/onlineleasing/bell-westford/oleapplication.aspx?stepname=RentalOptions&myOlePropertyId=1311869&FloorPlanID=3539941&UnitID=28085799&header=1
2026-09-19,2026-09-20T00:57:38+00:00,Ames 1,ames-1,1422,28085716,3539941,2,2,1192,4,3051,5502,0,2026-09-17,2026-09-17,Vacant Unrented Not Ready,4th Floor; Balcony; Premium View; Botticino; Bianco,,https://bellwestford.securecafe.com/onlineleasing/bell-westford/oleapplication.aspx?stepname=RentalOptions&myOlePropertyId=1311869&FloorPlanID=3539941&UnitID=28085716&header=1
2026-09-19,2026-09-20T00:57:38+00:00,Ames 1,ames-1,2420,28085796,3539941,2,2,1192,4,3001,5529,0,2026-10-10,2026-10-10,Notice Unrented,4th Floor; Balcony; Botticino; Maple White,,https://bellwestford.securecafe.com/onlineleasing/bell-westford/oleapplication.aspx?stepname=RentalOptions&myOlePropertyId=1311869&FloorPlanID=3539941&UnitID=28085796&header=1
2026-09-19,2026-09-20T00:57:38+00:00,Ames 2,ames-2,5302,28086017,3539951,2,2,1226,,3065,5087,0,2027-01-10,2027-01-10,Notice Unrented,Premium View; Balcony; Shitake,,https://bellwestford.securecafe.com/onlineleasing/bell-westford/oleapplication.aspx?stepname=RentalOptions&myOlePropertyId=1311869&FloorPlanID=3539951&UnitID=28086017&header=1
2026-09-19,2026-09-20T00:57:38+00:00,Ames 2,ames-2,5422,28086057,3539951,2,2,1227,,3015,5462,0,2026-08-07,2026-08-07,Vacant Unrented Ready,Balcony; Maple White,,https://bellwestford.securecafe.com/onlineleasing/bell-westford/oleapplication.aspx?stepname=RentalOptions&myOlePropertyId=1311869&FloorPlanID=3539951&UnitID=28086057&header=1
2026-09-19,2026-09-20T00:57:38+00:00,Aspen 2,aspen-2,3210,28085920,3539952,2,2,1233,,3105,5561,0,2026-08-03,2026-08-03,Vacant Unrented Ready,Balcony; Shitake,,https://bellwestford.securecafe.com/onlineleasing/bell-westford/oleapplication.aspx?stepname=RentalOptions&myOlePropertyId=1311869&FloorPlanID=3539952&UnitID=28085920&header=1
2026-09-19,2026-09-20T00:57:38+00:00,Aspen 2,aspen-2,3218,28085928,3539952,2,2,1233,,3105,5561,0,2026-06-22,2026-06-22,Vacant Unrented Ready,Balcony; Maple White,,https://bellwestford.securecafe.com/onlineleasing/bell-westford/oleapplication.aspx?stepname=RentalOptions&myOlePropertyId=1311869&FloorPlanID=3539952&UnitID=28085928&header=1
2026-09-19,2026-09-20T00:57:38+00:00,Aspen 1,aspen-1,2118,28085734,3539942,2,2,1234,1,3060,5595,0,2026-09-28,2026-09-28,Vacant Unrented Not Ready,1st Floor; Bianco G; Angola Black,,https://bellwestford.securecafe.com/onlineleasing/bell-westford/oleapplication.aspx?stepname=RentalOptions&myOlePropertyId=1311869&FloorPlanID=3539942&UnitID=28085734&header=1
2026-09-19,2026-09-20T00:57:38+00:00,Aspen 1,aspen-1,3318,28085854,3539942,2,2,1234,3,3265,5433,0,2026-11-15,2026-11-15,Notice Unrented,3rd Floor; Balcony; Premium View; Botticino; Maple White; ADA,,https://bellwestford.securecafe.com/onlineleasing/bell-westford/oleapplication.aspx?stepname=RentalOptions&myOlePropertyId=1311869&FloorPlanID=3539942&UnitID=28085854&header=1
2026-09-19,2026-09-20T00:57:38+00:00,Avon 2,avon-2,5201,28085995,3539953,2,2,1291,,3085,5623,0,2026-09-29,2026-09-29,Vacant Unrented Not Ready,Ornamental,,https://bellwestford.securecafe.com/onlineleasing/bell-westford/oleapplication.aspx?stepname=RentalOptions&myOlePropertyId=1311869&FloorPlanID=3539953&UnitID=28085995&header=1
2026-09-19,2026-09-20T00:57:38+00:00,Avon 1,avon-1,3114,28085811,3539943,2,2,1304,1,3399,5884,0,2026-08-28,2026-08-28,Vacant Unrented Ready,1st Floor; Balcony; Maple White; Private Yard; Botticino,,https://bellwestford.securecafe.com/onlineleasing/bell-westford/oleapplication.aspx?stepname=RentalOptions&myOlePropertyId=1311869&FloorPlanID=3539943&UnitID=28085811&header=1
2026-09-19,2026-09-20T00:57:38+00:00,Breckenridge 1,breckenridge-1,1101,28085639,3539944,3,2,1472,1,4255,9347,0,2026-09-29,2026-09-29,Vacant Unrented Not Ready,1st Floor; Balcony; Pool View; Maple White; Bianco,,https://bellwestford.securecafe.com/onlineleasing/bell-westford/oleapplication.aspx?stepname=RentalOptions&myOlePropertyId=1311869&FloorPlanID=3539944&UnitID=28085639&header=1
2026-09-19,2026-09-20T00:57:38+00:00,Breckenridge 1,breckenridge-1,2101,28085718,3539944,3,2,1472,1,4455,9438,0,2026-09-18,2026-09-18,Vacant Unrented Ready,1st Floor; Premium View; Balcony; Bianco G; Private Yard; Botticino,,https://bellwestford.securecafe.com/onlineleasing/bell-westford/oleapplication.aspx?stepname=RentalOptions&myOlePropertyId=1311869&FloorPlanID=3539944&UnitID=28085718&header=1
2026-09-19,2026-09-20T00:57:38+00:00,Breckenridge 1,breckenridge-1,3321,28085857,3539944,3,2,1472,3,4195,9152,0,2026-08-28,2026-08-28,Vacant Unrented Ready,3rd Floor; Balcony; Maple White; Angola Black,,https://bellwestford.securecafe.com/onlineleasing/bell-westford/oleapplication.aspx?stepname=RentalOptions&myOlePropertyId=1311869&FloorPlanID=3539944&UnitID=28085857&header=1
2026-09-19,2026-09-20T00:57:38+00:00,Breckenridge 2,breckenridge-2,3401,28085954,3539954,3,2,1503,,4503,9491,0,2025-08-15,2025-08-15,Vacant Unrented Ready,Pool View; Balcony; Ornamental,,https://bellwestford.securecafe.com/onlineleasing/bell-westford/oleapplication.aspx?stepname=RentalOptions&myOlePropertyId=1311869&FloorPlanID=3539954&UnitID=28085954&header=1
2026-09-19,2026-09-20T00:57:38+00:00,Townhome,townhome,0202,28085879,3539955,3,2,1921,,5115,10164,0,2026-08-11,2026-08-11,Vacant Unrented Ready,Townhouse; Shitake,,https://bellwestford.securecafe.com/onlineleasing/bell-westford/oleapplication.aspx?stepname=RentalOptions&myOlePropertyId=1311869&FloorPlanID=3539955&UnitID=28085879&header=1
2026-09-19,2026-09-20T00:57:38+00:00,Townhome,townhome,0203,28085880,3539955,3,2,1921,,4825,7873,0,2026-11-04,2026-11-04,Notice Unrented,Townhouse; Ornamental,,https://bellwestford.securecafe.com/onlineleasing/bell-westford/oleapplication.aspx?stepname=RentalOptions&myOlePropertyId=1311869&FloorPlanID=3539955&UnitID=28085880&header=1
2026-09-19,2026-09-20T00:57:38+00:00,Townhome,townhome,0602,28085885,3539955,3,2,1921,,5190,9168,0,2027-01-10,2027-01-10,Notice Unrented,Townhouse; Maple White,,https://bellwestford.securecafe.com/onlineleasing/bell-westford/oleapplication.aspx?stepname=RentalOptions&myOlePropertyId=1311869&FloorPlanID=3539955&UnitID=28085885&header=1
2026-09-20,2026-09-21T00:59:40+00:00,Denver 2,denver-2,3302,28085934,3539945,0,1,535,,2355,4307,0,2026-08-03,2026-08-03,Vacant Unrented Ready,Balcony; Ornamental,,https://bellwestford.securecafe.com/onlineleasing/bell-westford/oleapplication.aspx?stepname=RentalOptions&myOlePropertyId=1311869&FloorPlanID=3539945&UnitID=28085934&header=1
2026-09-20,2026-09-21T00:59:40+00:00,Denver 2,denver-2,3319,28085950,3539945,0,1,535,,2505,4477,0,2026-06-11,2026-06-11,Vacant Unrented Not Ready,Pool View; Balcony; Ornamental,,https://bellwestford.securecafe.com/onlineleasing/bell-westford/oleapplication.aspx?stepname=RentalOptions&myOlePropertyId=1311869&FloorPlanID=3539945&UnitID=28085950&header=1
2026-09-20,2026-09-21T00:59:40+00:00,Eaton 1,eaton-1,3413,28085870,3539936,1,1,687,4,2495,4415,0,2026-08-28,2026-08-28,Vacant Unrented Ready,Balcony; 4th Floor; Botticino,,https://bellwestford.securecafe.com/onlineleasing/bell-westford/oleapplication.aspx?stepname=RentalOptions&myOlePropertyId=1311869&FloorPlanID=3539936&UnitID=28085870&header=1
2026-09-20,2026-09-21T00:59:40+00:00,Evergreen 1,evergreen-1,1311,28085685,3539938,1,1,789,3,2540,4300,0,2026-10-01,2026-10-01,Notice Unrented,3rd Floor; Balcony; Pool View; Maple White,,https://bellwestford.securecafe.com/onlineleasing/bell-westford/oleapplication.aspx?stepname=RentalOptions&myOlePropertyId=1311869&FloorPlanID=3539938&UnitID=28085685&header=1
2026-09-20,2026-09-21T00:59:40+00:00,Evergreen 1,evergreen-1,2411,28085787,3539938,1,1,789,4,2515,4437,0,2026-09-17,2026-09-17,Vacant Unrented Not Ready,4th Floor; Premium View; Botticino; Angola Black,,https://bellwestford.securecafe.com/onlineleasing/bell-westford/oleapplication.aspx?stepname=RentalOptions&myOlePropertyId=1311869&FloorPlanID=3539938&UnitID=28085787&header=1
2026-09-20,2026-09-21T00:59:40+00:00,Evergreen 1,evergreen-1,3310,28085847,3539938,1,1,789,3,2490,4244,0,2026-10-05,2026-10-05,Notice Unrented,3rd Floor; Premium View; Balcony; Maple White; Angola Black,,https://bellwestford.securecafe.com/onlineleasing/bell-westford/oleapplication.aspx?stepname=RentalOptions&myOlePropertyId=1311869&FloorPlanID=3539938&UnitID=28085847&header=1
2026-09-20,2026-09-21T00:59:40+00:00,Evans 2,evans-2,5111,28085984,3539949,1,1,852,,2550,4477,0,2026-07-02,2026-07-02,Vacant Unrented Ready,Ornamental,,https://bellwestford.securecafe.com/onlineleasing/bell-westford/oleapplication.aspx?stepname=RentalOptions&myOlePropertyId=1311869&FloorPlanID=3539949&UnitID=28085984&header=1
2026-09-20,2026-09-21T00:59:40+00:00,Erie 1,erie-1,1119,28085647,3539940,1,1,883,1,2669,4449,0,2026-11-02,2026-11-02,Notice Unrented,Balcony; 1st Floor; Pool View; Maple White,,https://bellwestford.securecafe.com/onlineleasing/bell-westford/oleapplication.aspx?stepname=RentalOptions&myOlePropertyId=1311869&FloorPlanID=3539940&UnitID=28085647&header=1
2026-09-20,2026-09-21T00:59:40+00:00,Erie 1,erie-1,2205,28085742,3539940,1,1,913,2,2699,4646,0,2026-08-28,2026-08-28,Vacant Unrented Ready,Balcony; 2nd Floor; Premium View; Botticino,,https://bellwestford.securecafe.com/onlineleasing/bell-westford/oleapplication.aspx?stepname=RentalOptions&myOlePropertyId=1311869&FloorPlanID=3539940&UnitID=28085742&header=1
2026-09-20,2026-09-21T00:59:40+00:00,Erie 2,erie-2,3205,28085916,3539950,1,1,922,,2695,4641,0,2026-07-04,2026-07-04,Vacant Unrented Ready,Balcony; Pool View; Shitake,,https://bellwestford.securecafe.com/onlineleasing/bell-westford/oleapplication.aspx?stepname=RentalOptions&myOlePropertyId=1311869&FloorPlanID=3539950&UnitID=28085916&header=1
2026-09-20,2026-09-21T00:59:40+00:00,Ames 1,ames-1,3420,28085876,3539941,2,2,1178,4,3106,5562,0,2026-07-02,2026-07-02,Vacant Unrented Ready,4th Floor; Balcony; Premium View; Maple White; Botticino,,https://bellwestford.securecafe.com/onlineleasing/bell-westford/oleapplication.aspx?stepname=RentalOptions&myOlePropertyId=1311869&FloorPlanID=3539941&UnitID=28085876&header=1
2026-09-20,2026-09-21T00:59:40+00:00,Ames 1,ames-1,3102,28085799,3539941,2,2,1188,1,3346,5914,0,2026-09-30,2026-09-30,Notice Unrented,1st Floor; Premium View; Balcony; Maple White; Private Yard; Angola Black,,https://bellwestford.securecafe.com/onlineleasing/bell-westford/oleapplication.aspx?stepname=RentalOptions&myOlePropertyId=1311869&FloorPlanID=3539941&UnitID=28085799&header=1
2026-09-20,2026-09-21T00:59:40+00:00,Ames 1,ames-1,1422,28085716,3539941,2,2,1192,4,3051,5502,0,2026-09-17,2026-09-17,Vacant Unrented Not Ready,4th Floor; Balcony; Premium View; Botticino; Bianco,,https://bellwestford.securecafe.com/onlineleasing/bell-westford/oleapplication.aspx?stepname=RentalOptions&myOlePropertyId=1311869&FloorPlanID=3539941&UnitID=28085716&header=1
2026-09-20,2026-09-21T00:59:40+00:00,Ames 1,ames-1,2420,28085796,3539941,2,2,1192,4,3001,5529,0,2026-10-10,2026-10-10,Notice Unrented,4th Floor; Balcony; Botticino; Maple White,,https://bellwestford.securecafe.com/onlineleasing/bell-westford/oleapplication.aspx?stepname=RentalOptions&myOlePropertyId=1311869&FloorPlanID=3539941&UnitID=28085796&header=1
2026-09-20,2026-09-21T00:59:40+00:00,Ames 2,ames-2,5302,28086017,3539951,2,2,1226,,3065,5087,0,2027-01-10,2027-01-10,Notice Unrented,Premium View; Balcony; Shitake,,https://bellwestford.securecafe.com/onlineleasing/bell-westford/oleapplication.aspx?stepname=RentalOptions&myOlePropertyId=1311869&FloorPlanID=3539951&UnitID=28086017&header=1
2026-09-20,2026-09-21T00:59:40+00:00,Ames 2,ames-2,5422,28086057,3539951,2,2,1227,,3015,5462,0,2026-08-07,2026-08-07,Vacant Unrented Ready,Balcony; Maple White,,https://bellwestford.securecafe.com/onlineleasing/bell-westford/oleapplication.aspx?stepname=RentalOptions&myOlePropertyId=1311869&FloorPlanID=3539951&UnitID=28086057&header=1
2026-09-20,2026-09-21T00:59:40+00:00,Aspen 2,aspen-2,3210,28085920,3539952,2,2,1233,,3105,5561,0,2026-08-03,2026-08-03,Vacant Unrented Ready,Balcony; Shitake,,https://bellwestford.securecafe.com/onlineleasing/bell-westford/oleapplication.aspx?stepname=RentalOptions&myOlePropertyId=1311869&FloorPlanID=3539952&UnitID=28085920&header=1
2026-09-20,2026-09-21T00:59:40+00:00,Aspen 2,aspen-2,3218,28085928,3539952,2,2,1233,,3105,5561,0,2026-06-22,2026-06-22,Vacant Unrented Ready,Balcony; Maple White,,https://bellwestford.securecafe.com/onlineleasing/bell-westford/oleapplication.aspx?stepname=RentalOptions&myOlePropertyId=1311869&FloorPlanID=3539952&UnitID=28085928&header=1
2026-09-20,2026-09-21T00:59:40+00:00,Aspen 1,aspen-1,2118,28085734,3539942,2,2,1234,1,3060,5678,0,2026-09-28,2026-09-28,Vacant Unrented Not Ready,1st Floor; Bianco G; Angola Black,,https://bellwestford.securecafe.com/onlineleasing/bell-westford/oleapplication.aspx?stepname=RentalOptions&myOlePropertyId=1311869&FloorPlanID=3539942&UnitID=28085734&header=1
2026-09-20,2026-09-21T00:59:40+00:00,Aspen 1,aspen-1,3318,28085854,3539942,2,2,1234,3,3265,5433,0,2026-11-15,2026-11-15,Notice Unrented,3rd Floor; Balcony; Premium View; Botticino; Maple White; ADA,,https://bellwestford.securecafe.com/onlineleasing/bell-westford/oleapplication.aspx?stepname=RentalOptions&myOlePropertyId=1311869&FloorPlanID=3539942&UnitID=28085854&header=1
2026-09-20,2026-09-21T00:59:40+00:00,Avon 2,avon-2,5201,28085995,3539953,2,2,1291,,3085,5707,0,2026-09-29,2026-09-29,Vacant Unrented Not Ready,Ornamental,,https://bellwestford.securecafe.com/onlineleasing/bell-westford/oleapplication.aspx?stepname=RentalOptions&myOlePropertyId=1311869&FloorPlanID=3539953&UnitID=28085995&header=1
2026-09-20,2026-09-21T00:59:40+00:00,Avon 1,avon-1,3114,28085811,3539943,2,2,1304,1,3399,5884,0,2026-08-28,2026-08-28,Vacant Unrented Ready,1st Floor; Balcony; Maple White; Private Yard; Botticino,,https://bellwestford.securecafe.com/onlineleasing/bell-westford/oleapplication.aspx?stepname=RentalOptions&myOlePropertyId=1311869&FloorPlanID=3539943&UnitID=28085811&header=1
2026-09-20,2026-09-21T00:59:40+00:00,Breckenridge 1,breckenridge-1,1101,28085639,3539944,3,2,1472,1,4255,9486,0,2026-09-29,2026-09-29,Vacant Unrented Not Ready,1st Floor; Balcony; Pool View; Maple White; Bianco,,https://bellwestford.securecafe.com/onlineleasing/bell-westford/oleapplication.aspx?stepname=RentalOptions&myOlePropertyId=1311869&FloorPlanID=3539944&UnitID=28085639&header=1
2026-09-20,2026-09-21T00:59:40+00:00,Breckenridge 1,breckenridge-1,2101,28085718,3539944,3,2,1472,1,4455,9438,0,2026-09-18,2026-09-18,Vacant Unrented Ready,1st Floor; Premium View; Balcony; Bianco G; Private Yard; Botticino,,https://bellwestford.securecafe.com/onlineleasing/bell-westford/oleapplication.aspx?stepname=RentalOptions&myOlePropertyId=1311869&FloorPlanID=3539944&UnitID=28085718&header=1
2026-09-20,2026-09-21T00:59:40+00:00,Breckenridge 1,breckenridge-1,3321,28085857,3539944,3,2,1472,3,4195,9152,0,2026-08-28,2026-08-28,Vacant Unrented Ready,3rd Floor; Balcony; Maple White; Angola Black,,https://bellwestford.securecafe.com/onlineleasing/bell-westford/oleapplication.aspx?stepname=RentalOptions&myOlePropertyId=1311869&FloorPlanID=3539944&UnitID=28085857&header=1
2026-09-20,2026-09-21T00:59:40+00:00,Breckenridge 2,breckenridge-2,3401,28085954,3539954,3,2,1503,,4503,9491,0,2025-08-15,2025-08-15,Vacant Unrented Ready,Pool View; Balcony; Ornamental,,https://bellwestford.securecafe.com/onlineleasing/bell-westford/oleapplication.aspx?stepname=RentalOptions&myOlePropertyId=1311869&FloorPlanID=3539954&UnitID=28085954&header=1
2026-09-20,2026-09-21T00:59:40+00:00,Townhome,townhome,0202,28085879,3539955,3,2,1921,,5115,10164,0,2026-08-11,2026-08-11,Vacant Unrented Ready,Townhouse; Shitake,,https://bellwestford.securecafe.com/onlineleasing/bell-westford/oleapplication.aspx?stepname=RentalOptions&myOlePropertyId=1311869&FloorPlanID=3539955&UnitID=28085879&header=1
2026-09-20,2026-09-21T00:59:40+00:00,Townhome,townhome,0203,28085880,3539955,3,2,1921,,4825,7873,0,2026-11-04,2026-11-04,Notice Unrented,Townhouse; Ornamental,,https://bellwestford.securecafe.com/onlineleasing/bell-westford/oleapplication.aspx?stepname=RentalOptions&myOlePropertyId=1311869&FloorPlanID=3539955&UnitID=28085880&header=1
2026-09-20,2026-09-21T00:59:40+00:00,Townhome,townhome,0602,28085885,3539955,3,2,1921,,5190,9168,0,2027-01-10,2027-01-10,Notice Unrented,Townhouse; Maple White,,https://bellwestford.securecafe.com/onlineleasing/bell-westford/oleapplication.aspx?stepname=RentalOptions&myOlePropertyId=1311869&FloorPlanID=3539955&UnitID=28085885&header=1
2026-09-21,2026-09-22T01:33:08+00:00,Denver 1,denver-1,2119,28085735,3539935,0,1,535,1,2505,3475,0,2026-10-25,2026-10-25,Notice Unrented,1st Floor; Premium View; Maple White; Private Yard; Bianco,,https://bellwestford.securecafe.com/onlineleasing/bell-westford/oleapplication.aspx?stepname=RentalOptions&myOlePropertyId=1311869&FloorPlanID=3539935&UnitID=28085735&header=1
2026-09-21,2026-09-22T01:33:08+00:00,Denver 2,denver-2,3302,28085934,3539945,0,1,535,,2355,4307,0,2026-08-03,2026-08-03,Vacant Unrented Ready,Balcony; Ornamental,,https://bellwestford.securecafe.com/onlineleasing/bell-westford/oleapplication.aspx?stepname=RentalOptions&myOlePropertyId=1311869&FloorPlanID=3539945&UnitID=28085934&header=1
2026-09-21,2026-09-22T01:33:08+00:00,Denver 2,denver-2,3319,28085950,3539945,0,1,535,,2505,4477,0,2026-06-11,2026-06-11,Vacant Unrented Not Ready,Pool View; Balcony; Ornamental,,https://bellwestford.securecafe.com/onlineleasing/bell-westford/oleapplication.aspx?stepname=RentalOptions&myOlePropertyId=1311869&FloorPlanID=3539945&UnitID=28085950&header=1
2026-09-21,2026-09-22T01:33:08+00:00,Evergreen 1,evergreen-1,1311,28085685,3539938,1,1,789,3,2545,4300,0,2026-10-01,2026-10-01,Vacant Unrented Not Ready,3rd Floor; Balcony; Pool View; Maple White,,https://bellwestford.securecafe.com/onlineleasing/bell-westford/oleapplication.aspx?stepname=RentalOptions&myOlePropertyId=1311869&FloorPlanID=3539938&UnitID=28085685&header=1
2026-09-21,2026-09-22T01:33:08+00:00,Evergreen 1,evergreen-1,2411,28085787,3539938,1,1,789,4,2495,4437,0,2026-09-17,2026-09-17,Vacant Unrented Not Ready,4th Floor; Premium View; Botticino; Angola Black,,https://bellwestford.securecafe.com/onlineleasing/bell-westford/oleapplication.aspx?stepname=RentalOptions&myOlePropertyId=1311869&FloorPlanID=3539938&UnitID=28085787&header=1
2026-09-21,2026-09-22T01:33:08+00:00,Evergreen 1,evergreen-1,3310,28085847,3539938,1,1,789,3,2495,4244,0,2026-10-05,2026-10-05,Notice Unrented,3rd Floor; Premium View; Balcony; Maple White; Angola Black,,https://bellwestford.securecafe.com/onlineleasing/bell-westford/oleapplication.aspx?stepname=RentalOptions&myOlePropertyId=1311869&FloorPlanID=3539938&UnitID=28085847&header=1
2026-09-21,2026-09-22T01:33:08+00:00,Evans 1,evans-1,1103,28085641,3539939,1,1,852,1,,,0,2026-07-16,2026-07-16,Vacant Unrented Ready,1st Floor; Pool View; Bianco G; Angola Black,,https://bellwestford.securecafe.com/onlineleasing/bell-westford/oleapplication.aspx?stepname=RentalOptions&myOlePropertyId=1311869&FloorPlanID=3539939&UnitID=28085641&header=1
2026-09-21,2026-09-22T01:33:08+00:00,Evans 2,evans-2,5111,28085984,3539949,1,1,852,,2530,4477,0,2026-07-02,2026-07-02,Vacant Unrented Ready,Ornamental,,https://bellwestford.securecafe.com/onlineleasing/bell-westford/oleapplication.aspx?stepname=RentalOptions&myOlePropertyId=1311869&FloorPlanID=3539949&UnitID=28085984&header=1
2026-09-21,2026-09-22T01:33:08+00:00,Erie 1,erie-1,1119,28085647,3539940,1,1,883,1,2679,4449,0,2026-11-02,2026-11-02,Notice Unrented,Balcony; 1st Floor; Pool View; Maple White,,https://bellwestford.securecafe.com/onlineleasing/bell-westford/oleapplication.aspx?stepname=RentalOptions&myOlePropertyId=1311869&FloorPlanID=3539940&UnitID=28085647&header=1
2026-09-21,2026-09-22T01:33:08+00:00,Erie 1,erie-1,2205,28085742,3539940,1,1,913,2,2679,4646,0,2026-08-28,2026-08-28,Vacant Unrented Ready,Balcony; 2nd Floor; Premium View; Botticino,,https://bellwestford.securecafe.com/onlineleasing/bell-westford/oleapplication.aspx?stepname=RentalOptions&myOlePropertyId=1311869&FloorPlanID=3539940&UnitID=28085742&header=1
2026-09-21,2026-09-22T01:33:08+00:00,Erie 2,erie-2,3205,28085916,3539950,1,1,922,,2675,4641,0,2026-07-04,2026-07-04,Vacant Unrented Ready,Balcony; Pool View; Shitake,,https://bellwestford.securecafe.com/onlineleasing/bell-westford/oleapplication.aspx?stepname=RentalOptions&myOlePropertyId=1311869&FloorPlanID=3539950&UnitID=28085916&header=1
2026-09-21,2026-09-22T01:33:08+00:00,Ames 1,ames-1,3420,28085876,3539941,2,2,1178,4,3106,5562,0,2026-07-02,2026-07-02,Vacant Unrented Ready,4th Floor; Balcony; Premium View; Maple White; Botticino,,https://bellwestford.securecafe.com/onlineleasing/bell-westford/oleapplication.aspx?stepname=RentalOptions&myOlePropertyId=1311869&FloorPlanID=3539941&UnitID=28085876&header=1
2026-09-21,2026-09-22T01:33:08+00:00,Ames 1,ames-1,3102,28085799,3539941,2,2,1188,1,3346,5914,0,2026-09-30,2026-09-30,Vacant Unrented Not Ready,1st Floor; Premium View; Balcony; Maple White; Private Yard; Angola Black,,https://bellwestford.securecafe.com/onlineleasing/bell-westford/oleapplication.aspx?stepname=RentalOptions&myOlePropertyId=1311869&FloorPlanID=3539941&UnitID=28085799&header=1
2026-09-21,2026-09-22T01:33:08+00:00,Ames 1,ames-1,1422,28085716,3539941,2,2,1192,4,3051,5502,0,2026-09-17,2026-09-17,Vacant Unrented Not Ready,4th Floor; Balcony; Premium View; Botticino; Bianco,,https://bellwestford.securecafe.com/onlineleasing/bell-westford/oleapplication.aspx?stepname=RentalOptions&myOlePropertyId=1311869&FloorPlanID=3539941&UnitID=28085716&header=1
2026-09-21,2026-09-22T01:33:08+00:00,Ames 1,ames-1,2420,28085796,3539941,2,2,1192,4,3001,5529,0,2026-10-10,2026-10-10,Notice Unrented,4th Floor; Balcony; Botticino; Maple White,,https://bellwestford.securecafe.com/onlineleasing/bell-westford/oleapplication.aspx?stepname=RentalOptions&myOlePropertyId=1311869&FloorPlanID=3539941&UnitID=28085796&header=1
2026-09-21,2026-09-22T01:33:08+00:00,Ames 2,ames-2,5302,28086017,3539951,2,2,1226,,3065,5087,0,2027-01-10,2027-01-10,Notice Unrented,Premium View; Balcony; Shitake,,https://bellwestford.securecafe.com/onlineleasing/bell-westford/oleapplication.aspx?stepname=RentalOptions&myOlePropertyId=1311869&FloorPlanID=3539951&UnitID=28086017&header=1
2026-09-21,2026-09-22T01:33:08+00:00,Ames 2,ames-2,5422,28086057,3539951,2,2,1227,,3015,5462,0,2026-08-07,2026-08-07,Vacant Unrented Ready,Balcony; Maple White,,https://bellwestford.securecafe.com/onlineleasing/bell-westford/oleapplication.aspx?stepname=RentalOptions&myOlePropertyId=1311869&FloorPlanID=3539951&UnitID=28086057&header=1
2026-09-21,2026-09-22T01:33:08+00:00,Aspen 2,aspen-2,3210,28085920,3539952,2,2,1233,,3105,5561,0,2026-08-03,2026-08-03,Vacant Unrented Ready,Balcony; Shitake,,https://bellwestford.securecafe.com/onlineleasing/bell-westford/oleapplication.aspx?stepname=RentalOptions&myOlePropertyId=1311869&FloorPlanID=3539952&UnitID=28085920&header=1
2026-09-21,2026-09-22T01:33:08+00:00,Aspen 2,aspen-2,3218,28085928,3539952,2,2,1233,,3105,5561,0,2026-06-22,2026-06-22,Vacant Unrented Ready,Balcony; Maple White,,https://bellwestford.securecafe.com/onlineleasing/bell-westford/oleapplication.aspx?stepname=RentalOptions&myOlePropertyId=1311869&FloorPlanID=3539952&UnitID=28085928&header=1
2026-09-21,2026-09-22T01:33:08+00:00,Aspen 1,aspen-1,2118,28085734,3539942,2,2,1234,1,3060,5678,0,2026-09-28,2026-09-28,Vacant Unrented Not Ready,1st Floor; Bianco G; Angola Black,,https://bellwestford.securecafe.com/onlineleasing/bell-westford/oleapplication.aspx?stepname=RentalOptions&myOlePropertyId=1311869&FloorPlanID=3539942&UnitID=28085734&header=1
2026-09-21,2026-09-22T01:33:08+00:00,Aspen 1,aspen-1,3318,28085854,3539942,2,2,1234,3,3265,5433,0,2026-11-15,2026-11-15,Notice Unrented,3rd Floor; Balcony; Premium View; Botticino; Maple White; ADA,,https://bellwestford.securecafe.com/onlineleasing/bell-westford/oleapplication.aspx?stepname=RentalOptions&myOlePropertyId=1311869&FloorPlanID=3539942&UnitID=28085854&header=1
2026-09-21,2026-09-22T01:33:08+00:00,Avon 2,avon-2,5201,28085995,3539953,2,2,1291,,3085,5707,0,2026-09-29,2026-09-29,Vacant Unrented Not Ready,Ornamental,,https://bellwestford.securecafe.com/onlineleasing/bell-westford/oleapplication.aspx?stepname=RentalOptions&myOlePropertyId=1311869&FloorPlanID=3539953&UnitID=28085995&header=1
2026-09-21,2026-09-22T01:33:08+00:00,Avon 1,avon-1,3114,28085811,3539943,2,2,1304,1,3399,5884,0,2026-08-28,2026-08-28,Vacant Unrented Ready,1st Floor; Balcony; Maple White; Private Yard; Botticino,,https://bellwestford.securecafe.com/onlineleasing/bell-westford/oleapplication.aspx?stepname=RentalOptions&myOlePropertyId=1311869&FloorPlanID=3539943&UnitID=28085811&header=1
2026-09-21,2026-09-22T01:33:08+00:00,Breckenridge 1,breckenridge-1,1101,28085639,3539944,3,2,1472,1,4255,9486,0,2026-09-29,2026-09-29,Vacant Unrented Not Ready,1st Floor; Balcony; Pool View; Maple White; Bianco,,https://bellwestford.securecafe.com/onlineleasing/bell-westford/oleapplication.aspx?stepname=RentalOptions&myOlePropertyId=1311869&FloorPlanID=3539944&UnitID=28085639&header=1
2026-09-21,2026-09-22T01:33:08+00:00,Breckenridge 1,breckenridge-1,2101,28085718,3539944,3,2,1472,1,4455,9438,0,2026-09-18,2026-09-18,Vacant Unrented Ready,1st Floor; Premium View; Balcony; Bianco G; Private Yard; Botticino,,https://bellwestford.securecafe.com/onlineleasing/bell-westford/oleapplication.aspx?stepname=RentalOptions&myOlePropertyId=1311869&FloorPlanID=3539944&UnitID=28085718&header=1
2026-09-21,2026-09-22T01:33:08+00:00,Breckenridge 1,breckenridge-1,3321,28085857,3539944,3,2,1472,3,4195,9152,0,2026-08-28,2026-08-28,Vacant Unrented Ready,3rd Floor; Balcony; Maple White; Angola Black,,https://bellwestford.securecafe.com/onlineleasing/bell-westford/oleapplication.aspx?stepname=RentalOptions&myOlePropertyId=1311869&FloorPlanID=3539944&UnitID=28085857&header=1
2026-09-21,2026-09-22T01:33:08+00:00,Breckenridge 2,breckenridge-2,3401,28085954,3539954,3,2,1503,,4503,9491,0,2025-08-15,2025-08-15,Vacant Unrented Ready,Pool View; Balcony; Ornamental,,https://bellwestford.securecafe.com/onlineleasing/bell-westford/oleapplication.aspx?stepname=RentalOptions&myOlePropertyId=1311869&FloorPlanID=3539954&UnitID=28085954&header=1
2026-09-21,2026-09-22T01:33:08+00:00,Townhome,townhome,0202,28085879,3539955,3,2,1921,,5115,10164,0,2026-08-11,2026-08-11,Vacant Unrented Ready,Townhouse; Shitake,,https://bellwestford.securecafe.com/onlineleasing/bell-westford/oleapplication.aspx?stepname=RentalOptions&myOlePropertyId=1311869&FloorPlanID=3539955&UnitID=28085879&header=1
2026-09-21,2026-09-22T01:33:08+00:00,Townhome,townhome,0203,28085880,3539955,3,2,1921,,4825,7873,0,2026-11-04,2026-11-04,Notice Unrented,Townhouse; Ornamental,,https://bellwestford.securecafe.com/onlineleasing/bell-westford/oleapplication.aspx?stepname=RentalOptions&myOlePropertyId=1311869&FloorPlanID=3539955&UnitID=28085880&header=1
2026-09-21,2026-09-22T01:33:08+00:00,Townhome,townhome,0602,28085885,3539955,3,2,1921,,5190,9168,0,2027-01-10,2027-01-10,Notice Unrented,Townhouse; Maple White,,https://bellwestford.securecafe.com/onlineleasing/bell-westford/oleapplication.aspx?stepname=RentalOptions&myOlePropertyId=1311869&FloorPlanID=3539955&UnitID=28085885&header=1
2026-09-22,2026-09-23T01:23:53+00:00,Denver 1,denver-1,2119,28085735,3539935,0,1,535,1,2490,3842,0,2026-10-25,2026-10-25,Notice Unrented,1st Floor; Premium View; Maple White; Private Yard; Bianco,,https://bellwestford.securecafe.com/onlineleasing/bell-westford/oleapplication.aspx?stepname=RentalOptions&myOlePropertyId=1311869&FloorPlanID=3539935&UnitID=28085735&header=1
2026-09-22,2026-09-23T01:23:53+00:00,Denver 2,denver-2,3302,28085934,3539945,0,1,535,,2340,4307,0,2026-08-03,2026-08-03,Vacant Unrented Ready,Balcony; Ornamental,,https://bellwestford.securecafe.com/onlineleasing/bell-westford/oleapplication.aspx?stepname=RentalOptions&myOlePropertyId=1311869&FloorPlanID=3539945&UnitID=28085934&header=1
2026-09-22,2026-09-23T01:23:53+00:00,Denver 2,denver-2,3319,28085950,3539945,0,1,535,,2490,4477,0,2026-06-11,2026-06-11,Vacant Unrented Not Ready,Pool View; Balcony; Ornamental,,https://bellwestford.securecafe.com/onlineleasing/bell-westford/oleapplication.aspx?stepname=RentalOptions&myOlePropertyId=1311869&FloorPlanID=3539945&UnitID=28085950&header=1
2026-09-22,2026-09-23T01:23:53+00:00,Evergreen 1,evergreen-1,1311,28085685,3539938,1,1,789,3,2550,4364,0,2026-10-01,2026-10-01,Vacant Unrented Not Ready,3rd Floor; Balcony; Pool View; Maple White,,https://bellwestford.securecafe.com/onlineleasing/bell-westford/oleapplication.aspx?stepname=RentalOptions&myOlePropertyId=1311869&FloorPlanID=3539938&UnitID=28085685&header=1
2026-09-22,2026-09-23T01:23:53+00:00,Evergreen 1,evergreen-1,2411,28085787,3539938,1,1,789,4,2500,4437,0,2026-09-22,2026-09-22,Vacant Unrented Ready,4th Floor; Premium View; Botticino; Angola Black,,https://bellwestford.securecafe.com/onlineleasing/bell-westford/oleapplication.aspx?stepname=RentalOptions&myOlePropertyId=1311869&FloorPlanID=3539938&UnitID=28085787&header=1
2026-09-22,2026-09-23T01:23:53+00:00,Evergreen 1,evergreen-1,3310,28085847,3539938,1,1,789,3,2500,4244,0,2026-10-05,2026-10-05,Notice Unrented,3rd Floor; Premium View; Balcony; Maple White; Angola Black,,https://bellwestford.securecafe.com/onlineleasing/bell-westford/oleapplication.aspx?stepname=RentalOptions&myOlePropertyId=1311869&FloorPlanID=3539938&UnitID=28085847&header=1
2026-09-22,2026-09-23T01:23:53+00:00,Evans 1,evans-1,1103,28085641,3539939,1,1,852,1,2528,4469,0,2026-07-16,2026-07-16,Vacant Unrented Ready,1st Floor; Pool View; Bianco G; Angola Black,,https://bellwestford.securecafe.com/onlineleasing/bell-westford/oleapplication.aspx?stepname=RentalOptions&myOlePropertyId=1311869&FloorPlanID=3539939&UnitID=28085641&header=1
2026-09-22,2026-09-23T01:23:53+00:00,Evans 2,evans-2,5111,28085984,3539949,1,1,852,,2535,4477,0,2026-07-02,2026-07-02,Vacant Unrented Ready,Ornamental,,https://bellwestford.securecafe.com/onlineleasing/bell-westford/oleapplication.aspx?stepname=RentalOptions&myOlePropertyId=1311869&FloorPlanID=3539949&UnitID=28085984&header=1
2026-09-22,2026-09-23T01:23:53+00:00,Erie 1,erie-1,1119,28085647,3539940,1,1,883,1,2684,4449,0,2026-11-02,2026-11-02,Notice Unrented,Balcony; 1st Floor; Pool View; Maple White,,https://bellwestford.securecafe.com/onlineleasing/bell-westford/oleapplication.aspx?stepname=RentalOptions&myOlePropertyId=1311869&FloorPlanID=3539940&UnitID=28085647&header=1
2026-09-22,2026-09-23T01:23:53+00:00,Erie 1,erie-1,2205,28085742,3539940,1,1,913,2,2684,4646,0,2026-08-28,2026-08-28,Vacant Unrented Ready,Balcony; 2nd Floor; Premium View; Botticino,,https://bellwestford.securecafe.com/onlineleasing/bell-westford/oleapplication.aspx?stepname=RentalOptions&myOlePropertyId=1311869&FloorPlanID=3539940&UnitID=28085742&header=1
2026-09-22,2026-09-23T01:23:53+00:00,Erie 2,erie-2,3205,28085916,3539950,1,1,922,,2680,4641,0,2026-07-04,2026-07-04,Vacant Unrented Ready,Balcony; Pool View; Shitake,,https://bellwestford.securecafe.com/onlineleasing/bell-westford/oleapplication.aspx?stepname=RentalOptions&myOlePropertyId=1311869&FloorPlanID=3539950&UnitID=28085916&header=1
2026-09-22,2026-09-23T01:23:53+00:00,Ames 1,ames-1,3420,28085876,3539941,2,2,1178,4,3106,5562,0,2026-07-02,2026-07-02,Vacant Unrented Ready,4th Floor; Balcony; Premium View; Maple White; Botticino,,https://bellwestford.securecafe.com/onlineleasing/bell-westford/oleapplication.aspx?stepname=RentalOptions&myOlePropertyId=1311869&FloorPlanID=3539941&UnitID=28085876&header=1
2026-09-22,2026-09-23T01:23:53+00:00,Ames 1,ames-1,3102,28085799,3539941,2,2,1188,1,3346,6003,0,2026-09-30,2026-09-30,Vacant Unrented Not Ready,1st Floor; Premium View; Balcony; Maple White; Private Yard; Angola Black,,https://bellwestford.securecafe.com/onlineleasing/bell-westford/oleapplication.aspx?stepname=RentalOptions&myOlePropertyId=1311869&FloorPlanID=3539941&UnitID=28085799&header=1
2026-09-22,2026-09-23T01:23:53+00:00,Ames 1,ames-1,1422,28085716,3539941,2,2,1192,4,3051,5502,0,2026-09-22,2026-09-22,Vacant Unrented Ready,4th Floor; Balcony; Premium View; Botticino; Bianco,,https://bellwestford.securecafe.com/onlineleasing/bell-westford/oleapplication.aspx?stepname=RentalOptions&myOlePropertyId=1311869&FloorPlanID=3539941&UnitID=28085716&header=1
2026-09-22,2026-09-23T01:23:53+00:00,Ames 1,ames-1,2420,28085796,3539941,2,2,1192,4,3001,5529,0,2026-10-10,2026-10-10,Notice Unrented,4th Floor; Balcony; Botticino; Maple White,,https://bellwestford.securecafe.com/onlineleasing/bell-westford/oleapplication.aspx?stepname=RentalOptions&myOlePropertyId=1311869&FloorPlanID=3539941&UnitID=28085796&header=1
2026-09-22,2026-09-23T01:23:53+00:00,Ames 2,ames-2,5302,28086017,3539951,2,2,1226,,3065,5087,0,2027-01-10,2027-01-10,Notice Unrented,Premium View; Balcony; Shitake,,https://bellwestford.securecafe.com/onlineleasing/bell-westford/oleapplication.aspx?stepname=RentalOptions&myOlePropertyId=1311869&FloorPlanID=3539951&UnitID=28086017&header=1
2026-09-22,2026-09-23T01:23:53+00:00,Ames 2,ames-2,5422,28086057,3539951,2,2,1227,,3015,5462,0,2026-08-07,2026-08-07,Vacant Unrented Ready,Balcony; Maple White,,https://bellwestford.securecafe.com/onlineleasing/bell-westford/oleapplication.aspx?stepname=RentalOptions&myOlePropertyId=1311869&FloorPlanID=3539951&UnitID=28086057&header=1
2026-09-22,2026-09-23T01:23:53+00:00,Aspen 2,aspen-2,3210,28085920,3539952,2,2,1233,,3105,5561,0,2026-08-03,2026-08-03,Vacant Unrented Ready,Balcony; Shitake,,https://bellwestford.securecafe.com/onlineleasing/bell-westford/oleapplication.aspx?stepname=RentalOptions&myOlePropertyId=1311869&FloorPlanID=3539952&UnitID=28085920&header=1
2026-09-22,2026-09-23T01:23:53+00:00,Aspen 2,aspen-2,3218,28085928,3539952,2,2,1233,,3105,5561,0,2026-06-22,2026-06-22,Vacant Unrented Ready,Balcony; Maple White,,https://bellwestford.securecafe.com/onlineleasing/bell-westford/oleapplication.aspx?stepname=RentalOptions&myOlePropertyId=1311869&FloorPlanID=3539952&UnitID=28085928&header=1
2026-09-22,2026-09-23T01:23:53+00:00,Aspen 1,aspen-1,2118,28085734,3539942,2,2,1234,1,3060,5678,0,2026-09-28,2026-09-28,Vacant Unrented Ready,1st Floor; Bianco G; Angola Black,,https://bellwestford.securecafe.com/onlineleasing/bell-westford/oleapplication.aspx?stepname=RentalOptions&myOlePropertyId=1311869&FloorPlanID=3539942&UnitID=28085734&header=1
2026-09-22,2026-09-23T01:23:53+00:00,Aspen 1,aspen-1,2313,28085769,3539942,2,2,1234,3,3190,5140,0,2026-10-10,2026-10-10,Notice Unrented,3rd Floor; Premium View; Balcony; Bianco G; Angola Black,,https://bellwestford.securecafe.com/onlineleasing/bell-westford/oleapplication.aspx?stepname=RentalOptions&myOlePropertyId=1311869&FloorPlanID=3539942&UnitID=28085769&header=1
2026-09-22,2026-09-23T01:23:53+00:00,Aspen 1,aspen-1,3318,28085854,3539942,2,2,1234,3,3265,5433,0,2026-11-15,2026-11-15,Notice Unrented,3rd Floor; Balcony; Premium View; Botticino; Maple White; ADA,,https://bellwestford.securecafe.com/onlineleasing/bell-westford/oleapplication.aspx?stepname=RentalOptions&myOlePropertyId=1311869&FloorPlanID=3539942&UnitID=28085854&header=1
2026-09-22,2026-09-23T01:23:53+00:00,Avon 2,avon-2,5201,28085995,3539953,2,2,1291,,3085,5707,0,2026-09-29,2026-09-29,Vacant Unrented Not Ready,Ornamental,,https://bellwestford.securecafe.com/onlineleasing/bell-westford/oleapplication.aspx?stepname=RentalOptions&myOlePropertyId=1311869&FloorPlanID=3539953&UnitID=28085995&header=1
2026-09-22,2026-09-23T01:23:53+00:00,Avon 1,avon-1,3114,28085811,3539943,2,2,1304,1,3399,5884,0,2026-08-28,2026-08-28,Vacant Unrented Ready,1st Floor; Balcony; Maple White; Private Yard; Botticino,,https://bellwestford.securecafe.com/onlineleasing/bell-westford/oleapplication.aspx?stepname=RentalOptions&myOlePropertyId=1311869&FloorPlanID=3539943&UnitID=28085811&header=1
2026-09-22,2026-09-23T01:23:53+00:00,Breckenridge 1,breckenridge-1,1101,28085639,3539944,3,2,1472,1,4255,9486,0,2026-09-29,2026-09-29,Vacant Unrented Not Ready,1st Floor; Balcony; Pool View; Maple White; Bianco,,https://bellwestford.securecafe.com/onlineleasing/bell-westford/oleapplication.aspx?stepname=RentalOptions&myOlePropertyId=1311869&FloorPlanID=3539944&UnitID=28085639&header=1
2026-09-22,2026-09-23T01:23:53+00:00,Breckenridge 1,breckenridge-1,2101,28085718,3539944,3,2,1472,1,4455,9438,0,2026-09-18,2026-09-18,Vacant Unrented Ready,1st Floor; Premium View; Balcony; Bianco G; Private Yard; Botticino,,https://bellwestford.securecafe.com/onlineleasing/bell-westford/oleapplication.aspx?stepname=RentalOptions&myOlePropertyId=1311869&FloorPlanID=3539944&UnitID=28085718&header=1
2026-09-22,2026-09-23T01:23:53+00:00,Breckenridge 2,breckenridge-2,3401,28085954,3539954,3,2,1503,,4503,9491,0,2025-08-15,2025-08-15,Vacant Unrented Ready,Pool View; Balcony; Ornamental,,https://bellwestford.securecafe.com/onlineleasing/bell-westford/oleapplication.aspx?stepname=RentalOptions&myOlePropertyId=1311869&FloorPlanID=3539954&UnitID=28085954&header=1
2026-09-22,2026-09-23T01:23:53+00:00,Townhome,townhome,0202,28085879,3539955,3,2,1921,,5115,10164,0,2026-08-11,2026-08-11,Vacant Unrented Ready,Townhouse; Shitake,,https://bellwestford.securecafe.com/onlineleasing/bell-westford/oleapplication.aspx?stepname=RentalOptions&myOlePropertyId=1311869&FloorPlanID=3539955&UnitID=28085879&header=1
2026-09-22,2026-09-23T01:23:53+00:00,Townhome,townhome,0203,28085880,3539955,3,2,1921,,4825,7873,0,2026-11-04,2026-11-04,Notice Unrented,Townhouse; Ornamental,,https://bellwestford.securecafe.com/onlineleasing/bell-westford/oleapplication.aspx?stepname=RentalOptions&myOlePropertyId=1311869&FloorPlanID=3539955&UnitID=28085880&header=1
2026-09-22,2026-09-23T01:23:53+00:00,Townhome,townhome,0602,28085885,3539955,3,2,1921,,5190,9168,0,2027-01-10,2027-01-10,Notice Unrented,Townhouse; Maple White,,https://bellwestford.securecafe.com/onlineleasing/bell-westford/oleapplication.aspx?stepname=RentalOptions&myOlePropertyId=1311869&FloorPlanID=3539955&UnitID=28085885&header=1
2026-09-23,2026-09-24T01:17:28+00:00,Denver 1,denver-1,2119,28085735,3539935,0,1,535,1,2425,3942,0,2026-10-25,2026-10-25,Notice Unrented,1st Floor; Premium View; Maple White; Private Yard; Bianco,,https://bellwestford.securecafe.com/onlineleasing/bell-westford/oleapplication.aspx?stepname=RentalOptions&myOlePropertyId=1311869&FloorPlanID=3539935&UnitID=28085735&header=1
2026-09-23,2026-09-24T01:17:28+00:00,Denver 2,denver-2,3302,28085934,3539945,0,1,535,,2295,4420,0,2026-08-03,2026-08-03,Vacant Unrented Ready,Balcony; Ornamental,,https://bellwestford.securecafe.com/onlineleasing/bell-westford/oleapplication.aspx?stepname=RentalOptions&myOlePropertyId=1311869&FloorPlanID=3539945&UnitID=28085934&header=1
2026-09-23,2026-09-24T01:17:28+00:00,Denver 2,denver-2,3319,28085950,3539945,0,1,535,,2445,4590,0,2026-06-11,2026-06-11,Vacant Unrented Not Ready,Pool View; Balcony; Ornamental,,https://bellwestford.securecafe.com/onlineleasing/bell-westford/oleapplication.aspx?stepname=RentalOptions&myOlePropertyId=1311869&FloorPlanID=3539945&UnitID=28085950&header=1
2026-09-23,2026-09-24T01:17:28+00:00,Evergreen 1,evergreen-1,1311,28085685,3539938,1,1,789,3,2535,4364,0,2026-10-01,2026-10-01,Vacant Unrented Not Ready,3rd Floor; Balcony; Pool View; Maple White,,https://bellwestford.securecafe.com/onlineleasing/bell-westford/oleapplication.aspx?stepname=RentalOptions&myOlePropertyId=1311869&FloorPlanID=3539938&UnitID=28085685&header=1
2026-09-23,2026-09-24T01:17:28+00:00,Evergreen 1,evergreen-1,2411,28085787,3539938,1,1,789,4,2485,4437,0,2026-09-22,2026-09-22,Vacant Unrented Ready,4th Floor; Premium View; Botticino; Angola Black,,https://bellwestford.securecafe.com/onlineleasing/bell-westford/oleapplication.aspx?stepname=RentalOptions&myOlePropertyId=1311869&FloorPlanID=3539938&UnitID=28085787&header=1
2026-09-23,2026-09-24T01:17:28+00:00,Evergreen 1,evergreen-1,3310,28085847,3539938,1,1,789,3,2485,4244,0,2026-10-05,2026-10-05,Notice Unrented,3rd Floor; Premium View; Balcony; Maple White; Angola Black,,https://bellwestford.securecafe.com/onlineleasing/bell-westford/oleapplication.aspx?stepname=RentalOptions&myOlePropertyId=1311869&FloorPlanID=3539938&UnitID=28085847&header=1
2026-09-23,2026-09-24T01:17:28+00:00,Evans 1,evans-1,1103,28085641,3539939,1,1,852,1,2513,4469,0,2026-07-16,2026-07-16,Vacant Unrented Ready,1st Floor; Pool View; Bianco G; Angola Black,,https://bellwestford.securecafe.com/onlineleasing/bell-westford/oleapplication.aspx?stepname=RentalOptions&myOlePropertyId=1311869&FloorPlanID=3539939&UnitID=28085641&header=1
2026-09-23,2026-09-24T01:17:28+00:00,Evans 2,evans-2,5111,28085984,3539949,1,1,852,,2520,4477,0,2026-07-02,2026-07-02,Vacant Unrented Ready,Ornamental,,https://bellwestford.securecafe.com/onlineleasing/bell-westford/oleapplication.aspx?stepname=RentalOptions&myOlePropertyId=1311869&FloorPlanID=3539949&UnitID=28085984&header=1
2026-09-23,2026-09-24T01:17:28+00:00,Erie 1,erie-1,1119,28085647,3539940,1,1,883,1,2669,4449,0,2026-11-02,2026-11-02,Notice Unrented,Balcony; 1st Floor; Pool View; Maple White,,https://bellwestford.securecafe.com/onlineleasing/bell-westford/oleapplication.aspx?stepname=RentalOptions&myOlePropertyId=1311869&FloorPlanID=3539940&UnitID=28085647&header=1
2026-09-23,2026-09-24T01:17:28+00:00,Erie 1,erie-1,2205,28085742,3539940,1,1,913,2,2669,4646,0,2026-08-28,2026-08-28,Vacant Unrented Ready,Balcony; 2nd Floor; Premium View; Botticino,,https://bellwestford.securecafe.com/onlineleasing/bell-westford/oleapplication.aspx?stepname=RentalOptions&myOlePropertyId=1311869&FloorPlanID=3539940&UnitID=28085742&header=1
2026-09-23,2026-09-24T01:17:28+00:00,Erie 2,erie-2,3205,28085916,3539950,1,1,922,,2665,4641,0,2026-07-04,2026-07-04,Vacant Unrented Ready,Balcony; Pool View; Shitake,,https://bellwestford.securecafe.com/onlineleasing/bell-westford/oleapplication.aspx?stepname=RentalOptions&myOlePropertyId=1311869&FloorPlanID=3539950&UnitID=28085916&header=1
2026-09-23,2026-09-24T01:17:28+00:00,Ames 1,ames-1,3420,28085876,3539941,2,2,1178,4,3041,5441,0,2026-07-02,2026-07-02,Vacant Unrented Ready,4th Floor; Balcony; Premium View; Maple White; Botticino,,https://bellwestford.securecafe.com/onlineleasing/bell-westford/oleapplication.aspx?stepname=RentalOptions&myOlePropertyId=1311869&FloorPlanID=3539941&UnitID=28085876&header=1
2026-09-23,2026-09-24T01:17:28+00:00,Ames 1,ames-1,3102,28085799,3539941,2,2,1188,1,3281,5878,0,2026-09-30,2026-09-30,Vacant Unrented Not Ready,1st Floor; Premium View; Balcony; Maple White; Private Yard; Angola Black,,https://bellwestford.securecafe.com/onlineleasing/bell-westford/oleapplication.aspx?stepname=RentalOptions&myOlePropertyId=1311869&FloorPlanID=3539941&UnitID=28085799&header=1
2026-09-23,2026-09-24T01:17:28+00:00,Ames 1,ames-1,1422,28085716,3539941,2,2,1192,4,2986,5381,0,2026-09-22,2026-09-22,Vacant Unrented Ready,4th Floor; Balcony; Premium View; Botticino; Bianco,,https://bellwestford.securecafe.com/onlineleasing/bell-westford/oleapplication.aspx?stepname=RentalOptions&myOlePropertyId=1311869&FloorPlanID=3539941&UnitID=28085716&header=1
2026-09-23,2026-09-24T01:17:28+00:00,Ames 1,ames-1,2420,28085796,3539941,2,2,1192,4,2936,5406,0,2026-10-10,2026-10-10,Notice Unrented,4th Floor; Balcony; Botticino; Maple White,,https://bellwestford.securecafe.com/onlineleasing/bell-westford/oleapplication.aspx?stepname=RentalOptions&myOlePropertyId=1311869&FloorPlanID=3539941&UnitID=28085796&header=1
2026-09-23,2026-09-24T01:17:28+00:00,Ames 2,ames-2,5302,28086017,3539951,2,2,1226,,3020,4986,0,2027-01-10,2027-01-10,Notice Unrented,Premium View; Balcony; Shitake,,https://bellwestford.securecafe.com/onlineleasing/bell-westford/oleapplication.aspx?stepname=RentalOptions&myOlePropertyId=1311869&FloorPlanID=3539951&UnitID=28086017&header=1
2026-09-23,2026-09-24T01:17:28+00:00,Ames 2,ames-2,5422,28086057,3539951,2,2,1227,,2950,5341,0,2026-08-07,2026-08-07,Vacant Unrented Ready,Balcony; Maple White,,https://bellwestford.securecafe.com/onlineleasing/bell-westford/oleapplication.aspx?stepname=RentalOptions&myOlePropertyId=1311869&FloorPlanID=3539951&UnitID=28086057&header=1
2026-09-23,2026-09-24T01:17:28+00:00,Aspen 2,aspen-2,3210,28085920,3539952,2,2,1233,,3040,5440,0,2026-08-03,2026-08-03,Vacant Unrented Ready,Balcony; Shitake,,https://bellwestford.securecafe.com/onlineleasing/bell-westford/oleapplication.aspx?stepname=RentalOptions&myOlePropertyId=1311869&FloorPlanID=3539952&UnitID=28085920&header=1
2026-09-23,2026-09-24T01:17:28+00:00,Aspen 2,aspen-2,3218,28085928,3539952,2,2,1233,,3040,5440,0,2026-06-22,2026-06-22,Vacant Unrented Ready,Balcony; Maple White,,https://bellwestford.securecafe.com/onlineleasing/bell-westford/oleapplication.aspx?stepname=RentalOptions&myOlePropertyId=1311869&FloorPlanID=3539952&UnitID=28085928&header=1
2026-09-23,2026-09-24T01:17:28+00:00,Aspen 1,aspen-1,2118,28085734,3539942,2,2,1234,1,2995,5390,0,2026-09-28,2026-09-28,Vacant Unrented Ready,1st Floor; Bianco G; Angola Black,,https://bellwestford.securecafe.com/onlineleasing/bell-westford/oleapplication.aspx?stepname=RentalOptions&myOlePropertyId=1311869&FloorPlanID=3539942&UnitID=28085734&header=1
2026-09-23,2026-09-24T01:17:28+00:00,Aspen 1,aspen-1,2313,28085769,3539942,2,2,1234,3,3125,5617,0,2026-10-10,2026-10-10,Notice Unrented,3rd Floor; Premium View; Balcony; Bianco G; Angola Black,,https://bellwestford.securecafe.com/onlineleasing/bell-westford/oleapplication.aspx?stepname=RentalOptions&myOlePropertyId=1311869&FloorPlanID=3539942&UnitID=28085769&header=1
2026-09-23,2026-09-24T01:17:28+00:00,Aspen 1,aspen-1,3318,28085854,3539942,2,2,1234,3,3225,5327,0,2026-11-15,2026-11-15,Notice Unrented,3rd Floor; Balcony; Premium View; Botticino; Maple White; ADA,,https://bellwestford.securecafe.com/onlineleasing/bell-westford/oleapplication.aspx?stepname=RentalOptions&myOlePropertyId=1311869&FloorPlanID=3539942&UnitID=28085854&header=1
2026-09-23,2026-09-24T01:17:28+00:00,Avon 2,avon-2,5201,28085995,3539953,2,2,1291,,3020,5582,0,2026-09-29,2026-09-29,Vacant Unrented Not Ready,Ornamental,,https://bellwestford.securecafe.com/onlineleasing/bell-westford/oleapplication.aspx?stepname=RentalOptions&myOlePropertyId=1311869&FloorPlanID=3539953&UnitID=28085995&header=1
2026-09-23,2026-09-24T01:17:28+00:00,Avon 1,avon-1,3114,28085811,3539943,2,2,1304,1,3334,5763,0,2026-08-28,2026-08-28,Vacant Unrented Ready,1st Floor; Balcony; Maple White; Private Yard; Botticino,,https://bellwestford.securecafe.com/onlineleasing/bell-westford/oleapplication.aspx?stepname=RentalOptions&myOlePropertyId=1311869&FloorPlanID=3539943&UnitID=28085811&header=1
2026-09-23,2026-09-24T01:17:28+00:00,Breckenridge 1,breckenridge-1,1101,28085639,3539944,3,2,1472,1,4195,9328,0,2026-09-29,2026-09-29,Vacant Unrented Not Ready,1st Floor; Balcony; Pool View; Maple White; Bianco,,https://bellwestford.securecafe.com/onlineleasing/bell-westford/oleapplication.aspx?stepname=RentalOptions&myOlePropertyId=1311869&FloorPlanID=3539944&UnitID=28085639&header=1
2026-09-23,2026-09-24T01:17:28+00:00,Breckenridge 1,breckenridge-1,2101,28085718,3539944,3,2,1472,1,4395,9284,0,2026-09-18,2026-09-18,Vacant Unrented Ready,1st Floor; Premium View; Balcony; Bianco G; Private Yard; Botticino,,https://bellwestford.securecafe.com/onlineleasing/bell-westford/oleapplication.aspx?stepname=RentalOptions&myOlePropertyId=1311869&FloorPlanID=3539944&UnitID=28085718&header=1
2026-09-23,2026-09-24T01:17:28+00:00,Breckenridge 2,breckenridge-2,3401,28085954,3539954,3,2,1503,,4443,9337,0,2025-08-15,2025-08-15,Vacant Unrented Ready,Pool View; Balcony; Ornamental,,https://bellwestford.securecafe.com/onlineleasing/bell-westford/oleapplication.aspx?stepname=RentalOptions&myOlePropertyId=1311869&FloorPlanID=3539954&UnitID=28085954&header=1
2026-09-23,2026-09-24T01:17:28+00:00,Townhome,townhome,0202,28085879,3539955,3,2,1921,,5055,10010,0,2026-08-11,2026-08-11,Vacant Unrented Ready,Townhouse; Shitake,,https://bellwestford.securecafe.com/onlineleasing/bell-westford/oleapplication.aspx?stepname=RentalOptions&myOlePropertyId=1311869&FloorPlanID=3539955&UnitID=28085879&header=1
2026-09-23,2026-09-24T01:17:28+00:00,Townhome,townhome,0203,28085880,3539955,3,2,1921,,4765,7756,0,2026-11-04,2026-11-04,Notice Unrented,Townhouse; Ornamental,,https://bellwestford.securecafe.com/onlineleasing/bell-westford/oleapplication.aspx?stepname=RentalOptions&myOlePropertyId=1311869&FloorPlanID=3539955&UnitID=28085880&header=1
2026-09-23,2026-09-24T01:17:28+00:00,Townhome,townhome,0602,28085885,3539955,3,2,1921,,5075,9032,0,2027-01-10,2027-01-10,Notice Unrented,Townhouse; Maple White,,https://bellwestford.securecafe.com/onlineleasing/bell-westford/oleapplication.aspx?stepname=RentalOptions&myOlePropertyId=1311869&FloorPlanID=3539955&UnitID=28085885&header=1
2026-09-24,2026-09-25T01:22:52+00:00,Denver 1,denver-1,2119,28085735,3539935,0,1,535,1,2420,3942,0,2026-10-25,2026-10-25,Notice Unrented,1st Floor; Premium View; Maple White; Private Yard; Bianco,,https://bellwestford.securecafe.com/onlineleasing/bell-westford/oleapplication.aspx?stepname=RentalOptions&myOlePropertyId=1311869&FloorPlanID=3539935&UnitID=28085735&header=1
2026-09-24,2026-09-25T01:22:52+00:00,Denver 2,denver-2,3302,28085934,3539945,0,1,535,,2290,4420,0,2026-08-03,2026-08-03,Vacant Unrented Ready,Balcony; Ornamental,,https://bellwestford.securecafe.com/onlineleasing/bell-westford/oleapplication.aspx?stepname=RentalOptions&myOlePropertyId=1311869&FloorPlanID=3539945&UnitID=28085934&header=1
2026-09-24,2026-09-25T01:22:52+00:00,Denver 2,denver-2,3319,28085950,3539945,0,1,535,,2440,4590,0,2026-06-11,2026-06-11,Vacant Unrented Not Ready,Pool View; Balcony; Ornamental,,https://bellwestford.securecafe.com/onlineleasing/bell-westford/oleapplication.aspx?stepname=RentalOptions&myOlePropertyId=1311869&FloorPlanID=3539945&UnitID=28085950&header=1
2026-09-24,2026-09-25T01:22:52+00:00,Evergreen 1,evergreen-1,1311,28085685,3539938,1,1,789,3,2530,4364,0,2026-10-01,2026-10-01,Vacant Unrented Not Ready,3rd Floor; Balcony; Pool View; Maple White,,https://bellwestford.securecafe.com/onlineleasing/bell-westford/oleapplication.aspx?stepname=RentalOptions&myOlePropertyId=1311869&FloorPlanID=3539938&UnitID=28085685&header=1
2026-09-24,2026-09-25T01:22:52+00:00,Evergreen 1,evergreen-1,2411,28085787,3539938,1,1,789,4,2480,4437,0,2026-09-22,2026-09-22,Vacant Unrented Ready,4th Floor; Premium View; Botticino; Angola Black,,https://bellwestford.securecafe.com/onlineleasing/bell-westford/oleapplication.aspx?stepname=RentalOptions&myOlePropertyId=1311869&FloorPlanID=3539938&UnitID=28085787&header=1
2026-09-24,2026-09-25T01:22:52+00:00,Evergreen 1,evergreen-1,3310,28085847,3539938,1,1,789,3,2480,4244,0,2026-10-05,2026-10-05,Notice Unrented,3rd Floor; Premium View; Balcony; Maple White; Angola Black,,https://bellwestford.securecafe.com/onlineleasing/bell-westford/oleapplication.aspx?stepname=RentalOptions&myOlePropertyId=1311869&FloorPlanID=3539938&UnitID=28085847&header=1
2026-09-24,2026-09-25T01:22:52+00:00,Evans 1,evans-1,1103,28085641,3539939,1,1,852,1,2508,4469,0,2026-07-16,2026-07-16,Vacant Unrented Ready,1st Floor; Pool View; Bianco G; Angola Black,,https://bellwestford.securecafe.com/onlineleasing/bell-westford/oleapplication.aspx?stepname=RentalOptions&myOlePropertyId=1311869&FloorPlanID=3539939&UnitID=28085641&header=1
2026-09-24,2026-09-25T01:22:52+00:00,Evans 2,evans-2,5111,28085984,3539949,1,1,852,,2515,4477,0,2026-07-02,2026-07-02,Vacant Unrented Ready,Ornamental,,https://bellwestford.securecafe.com/onlineleasing/bell-westford/oleapplication.aspx?stepname=RentalOptions&myOlePropertyId=1311869&FloorPlanID=3539949&UnitID=28085984&header=1
2026-09-24,2026-09-25T01:22:52+00:00,Erie 1,erie-1,1119,28085647,3539940,1,1,883,1,2664,4449,0,2026-11-02,2026-11-02,Notice Unrented,Balcony; 1st Floor; Pool View; Maple White,,https://bellwestford.securecafe.com/onlineleasing/bell-westford/oleapplication.aspx?stepname=RentalOptions&myOlePropertyId=1311869&FloorPlanID=3539940&UnitID=28085647&header=1
2026-09-24,2026-09-25T01:22:52+00:00,Erie 1,erie-1,2205,28085742,3539940,1,1,913,2,2664,4646,0,2026-08-28,2026-08-28,Vacant Unrented Ready,Balcony; 2nd Floor; Premium View; Botticino,,https://bellwestford.securecafe.com/onlineleasing/bell-westford/oleapplication.aspx?stepname=RentalOptions&myOlePropertyId=1311869&FloorPlanID=3539940&UnitID=28085742&header=1
2026-09-24,2026-09-25T01:22:52+00:00,Erie 2,erie-2,3205,28085916,3539950,1,1,922,,2660,4641,0,2026-07-04,2026-07-04,Vacant Unrented Ready,Balcony; Pool View; Shitake,,https://bellwestford.securecafe.com/onlineleasing/bell-westford/oleapplication.aspx?stepname=RentalOptions&myOlePropertyId=1311869&FloorPlanID=3539950&UnitID=28085916&header=1
2026-09-24,2026-09-25T01:22:52+00:00,Ames 1,ames-1,3420,28085876,3539941,2,2,1178,4,3041,5441,0,2026-07-02,2026-07-02,Vacant Unrented Ready,4th Floor; Balcony; Premium View; Maple White; Botticino,,https://bellwestford.securecafe.com/onlineleasing/bell-westford/oleapplication.aspx?stepname=RentalOptions&myOlePropertyId=1311869&FloorPlanID=3539941&UnitID=28085876&header=1
2026-09-24,2026-09-25T01:22:52+00:00,Ames 1,ames-1,3102,28085799,3539941,2,2,1188,1,3281,5878,0,2026-09-30,2026-09-30,Vacant Unrented Not Ready,1st Floor; Premium View; Balcony; Maple White; Private Yard; Angola Black,,https://bellwestford.securecafe.com/onlineleasing/bell-westford/oleapplication.aspx?stepname=RentalOptions&myOlePropertyId=1311869&FloorPlanID=3539941&UnitID=28085799&header=1
2026-09-24,2026-09-25T01:22:52+00:00,Ames 1,ames-1,1422,28085716,3539941,2,2,1192,4,2986,5381,0,2026-09-22,2026-09-22,Vacant Unrented Ready,4th Floor; Balcony; Premium View; Botticino; Bianco,,https://bellwestford.securecafe.com/onlineleasing/bell-westford/oleapplication.aspx?stepname=RentalOptions&myOlePropertyId=1311869&FloorPlanID=3539941&UnitID=28085716&header=1
2026-09-24,2026-09-25T01:22:52+00:00,Ames 1,ames-1,2420,28085796,3539941,2,2,1192,4,2936,5406,0,2026-10-10,2026-10-10,Notice Unrented,4th Floor; Balcony; Botticino; Maple White,,https://bellwestford.securecafe.com/onlineleasing/bell-westford/oleapplication.aspx?stepname=RentalOptions&myOlePropertyId=1311869&FloorPlanID=3539941&UnitID=28085796&header=1
2026-09-24,2026-09-25T01:22:52+00:00,Ames 2,ames-2,5302,28086017,3539951,2,2,1226,,3015,4986,0,2027-01-10,2027-01-10,Notice Unrented,Premium View; Balcony; Shitake,,https://bellwestford.securecafe.com/onlineleasing/bell-westford/oleapplication.aspx?stepname=RentalOptions&myOlePropertyId=1311869&FloorPlanID=3539951&UnitID=28086017&header=1
2026-09-24,2026-09-25T01:22:52+00:00,Ames 2,ames-2,5422,28086057,3539951,2,2,1227,,2950,5341,0,2026-08-07,2026-08-07,Vacant Unrented Ready,Balcony; Maple White,,https://bellwestford.securecafe.com/onlineleasing/bell-westford/oleapplication.aspx?stepname=RentalOptions&myOlePropertyId=1311869&FloorPlanID=3539951&UnitID=28086057&header=1
2026-09-24,2026-09-25T01:22:52+00:00,Aspen 2,aspen-2,3210,28085920,3539952,2,2,1233,,3040,5440,0,2026-08-03,2026-08-03,Vacant Unrented Ready,Balcony; Shitake,,https://bellwestford.securecafe.com/onlineleasing/bell-westford/oleapplication.aspx?stepname=RentalOptions&myOlePropertyId=1311869&FloorPlanID=3539952&UnitID=28085920&header=1
2026-09-24,2026-09-25T01:22:52+00:00,Aspen 2,aspen-2,3218,28085928,3539952,2,2,1233,,3040,5440,0,2026-06-22,2026-06-22,Vacant Unrented Ready,Balcony; Maple White,,https://bellwestford.securecafe.com/onlineleasing/bell-westford/oleapplication.aspx?stepname=RentalOptions&myOlePropertyId=1311869&FloorPlanID=3539952&UnitID=28085928&header=1
2026-09-24,2026-09-25T01:22:52+00:00,Aspen 1,aspen-1,2118,28085734,3539942,2,2,1234,1,2995,5390,0,2026-09-28,2026-09-28,Vacant Unrented Ready,1st Floor; Bianco G; Angola Black,,https://bellwestford.securecafe.com/onlineleasing/bell-westford/oleapplication.aspx?stepname=RentalOptions&myOlePropertyId=1311869&FloorPlanID=3539942&UnitID=28085734&header=1
2026-09-24,2026-09-25T01:22:52+00:00,Aspen 1,aspen-1,2313,28085769,3539942,2,2,1234,3,3125,5617,0,2026-10-10,2026-10-10,Notice Unrented,3rd Floor; Premium View; Balcony; Bianco G; Angola Black,,https://bellwestford.securecafe.com/onlineleasing/bell-westford/oleapplication.aspx?stepname=RentalOptions&myOlePropertyId=1311869&FloorPlanID=3539942&UnitID=28085769&header=1
2026-09-24,2026-09-25T01:22:52+00:00,Aspen 1,aspen-1,3318,28085854,3539942,2,2,1234,3,3220,5327,0,2026-11-15,2026-11-15,Notice Unrented,3rd Floor; Balcony; Premium View; Botticino; Maple White; ADA,,https://bellwestford.securecafe.com/onlineleasing/bell-westford/oleapplication.aspx?stepname=RentalOptions&myOlePropertyId=1311869&FloorPlanID=3539942&UnitID=28085854&header=1
2026-09-24,2026-09-25T01:22:52+00:00,Avon 2,avon-2,5201,28085995,3539953,2,2,1291,,3020,5582,0,2026-09-29,2026-09-29,Vacant Unrented Not Ready,Ornamental,,https://bellwestford.securecafe.com/onlineleasing/bell-westford/oleapplication.aspx?stepname=RentalOptions&myOlePropertyId=1311869&FloorPlanID=3539953&UnitID=28085995&header=1
2026-09-24,2026-09-25T01:22:52+00:00,Avon 1,avon-1,3114,28085811,3539943,2,2,1304,1,3334,5763,0,2026-08-28,2026-08-28,Vacant Unrented Ready,1st Floor; Balcony; Maple White; Private Yard; Botticino,,https://bellwestford.securecafe.com/onlineleasing/bell-westford/oleapplication.aspx?stepname=RentalOptions&myOlePropertyId=1311869&FloorPlanID=3539943&UnitID=28085811&header=1
2026-09-24,2026-09-25T01:22:52+00:00,Breckenridge 1,breckenridge-1,1101,28085639,3539944,3,2,1472,1,4195,9328,0,2026-09-29,2026-09-29,Vacant Unrented Not Ready,1st Floor; Balcony; Pool View; Maple White; Bianco,,https://bellwestford.securecafe.com/onlineleasing/bell-westford/oleapplication.aspx?stepname=RentalOptions&myOlePropertyId=1311869&FloorPlanID=3539944&UnitID=28085639&header=1
2026-09-24,2026-09-25T01:22:52+00:00,Breckenridge 1,breckenridge-1,2101,28085718,3539944,3,2,1472,1,4395,9284,0,2026-09-18,2026-09-18,Vacant Unrented Ready,1st Floor; Premium View; Balcony; Bianco G; Private Yard; Botticino,,https://bellwestford.securecafe.com/onlineleasing/bell-westford/oleapplication.aspx?stepname=RentalOptions&myOlePropertyId=1311869&FloorPlanID=3539944&UnitID=28085718&header=1
2026-09-24,2026-09-25T01:22:52+00:00,Breckenridge 1,breckenridge-1,3321,28085857,3539944,3,2,1472,3,4195,9152,0,2026-08-28,2026-08-28,Vacant Unrented Ready,3rd Floor; Balcony; Maple White; Angola Black,,https://bellwestford.securecafe.com/onlineleasing/bell-westford/oleapplication.aspx?stepname=RentalOptions&myOlePropertyId=1311869&FloorPlanID=3539944&UnitID=28085857&header=1
2026-09-24,2026-09-25T01:22:52+00:00,Breckenridge 2,breckenridge-2,3401,28085954,3539954,3,2,1503,,4443,9337,0,2025-08-15,2025-08-15,Vacant Unrented Ready,Pool View; Balcony; Ornamental,,https://bellwestford.securecafe.com/onlineleasing/bell-westford/oleapplication.aspx?stepname=RentalOptions&myOlePropertyId=1311869&FloorPlanID=3539954&UnitID=28085954&header=1
2026-09-24,2026-09-25T01:22:52+00:00,Townhome,townhome,0202,28085879,3539955,3,2,1921,,5055,10010,0,2026-08-11,2026-08-11,Vacant Unrented Ready,Townhouse; Shitake,,https://bellwestford.securecafe.com/onlineleasing/bell-westford/oleapplication.aspx?stepname=RentalOptions&myOlePropertyId=1311869&FloorPlanID=3539955&UnitID=28085879&header=1
2026-09-24,2026-09-25T01:22:52+00:00,Townhome,townhome,0203,28085880,3539955,3,2,1921,,4765,7756,0,2026-11-04,2026-11-04,Notice Unrented,Townhouse; Ornamental,,https://bellwestford.securecafe.com/onlineleasing/bell-westford/oleapplication.aspx?stepname=RentalOptions&myOlePropertyId=1311869&FloorPlanID=3539955&UnitID=28085880&header=1
2026-09-24,2026-09-25T01:22:52+00:00,Townhome,townhome,0602,28085885,3539955,3,2,1921,,5070,9032,0,2027-01-10,2027-01-10,Notice Unrented,Townhouse; Maple White,,https://bellwestford.securecafe.com/onlineleasing/bell-westford/oleapplication.aspx?stepname=RentalOptions&myOlePropertyId=1311869&FloorPlanID=3539955&UnitID=28085885&header=1
2026-09-25,2026-09-26T01:26:21+00:00,Denver 1,denver-1,2119,28085735,3539935,0,1,535,1,2420,3942,0,2026-10-25,2026-10-25,Notice Unrented,1st Floor; Premium View; Maple White; Private Yard; Bianco,,https://bellwestford.securecafe.com/onlineleasing/bell-westford/oleapplication.aspx?stepname=RentalOptions&myOlePropertyId=1311869&FloorPlanID=3539935&UnitID=28085735&header=1
2026-09-25,2026-09-26T01:26:21+00:00,Denver 2,denver-2,3302,28085934,3539945,0,1,535,,2290,4420,0,2026-08-03,2026-08-03,Vacant Unrented Ready,Balcony; Ornamental,,https://bellwestford.securecafe.com/onlineleasing/bell-westford/oleapplication.aspx?stepname=RentalOptions&myOlePropertyId=1311869&FloorPlanID=3539945&UnitID=28085934&header=1
2026-09-25,2026-09-26T01:26:21+00:00,Denver 2,denver-2,3319,28085950,3539945,0,1,535,,2440,4590,0,2026-06-11,2026-06-11,Vacant Unrented Not Ready,Pool View; Balcony; Ornamental,,https://bellwestford.securecafe.com/onlineleasing/bell-westford/oleapplication.aspx?stepname=RentalOptions&myOlePropertyId=1311869&FloorPlanID=3539945&UnitID=28085950&header=1
2026-09-25,2026-09-26T01:26:21+00:00,Evergreen 1,evergreen-1,1311,28085685,3539938,1,1,789,3,2525,4364,0,2026-10-01,2026-10-01,Vacant Unrented Not Ready,3rd Floor; Balcony; Pool View; Maple White,,https://bellwestford.securecafe.com/onlineleasing/bell-westford/oleapplication.aspx?stepname=RentalOptions&myOlePropertyId=1311869&FloorPlanID=3539938&UnitID=28085685&header=1
2026-09-25,2026-09-26T01:26:21+00:00,Evergreen 1,evergreen-1,2411,28085787,3539938,1,1,789,4,2475,4437,0,2026-09-22,2026-09-22,Vacant Unrented Ready,4th Floor; Premium View; Botticino; Angola Black,,https://bellwestford.securecafe.com/onlineleasing/bell-westford/oleapplication.aspx?stepname=RentalOptions&myOlePropertyId=1311869&FloorPlanID=3539938&UnitID=28085787&header=1
2026-09-25,2026-09-26T01:26:21+00:00,Evergreen 1,evergreen-1,3310,28085847,3539938,1,1,789,3,2475,4244,0,2026-10-07,2026-10-07,Notice Unrented,3rd Floor; Premium View; Balcony; Maple White; Angola Black,,https://bellwestford.securecafe.com/onlineleasing/bell-westford/oleapplication.aspx?stepname=RentalOptions&myOlePropertyId=1311869&FloorPlanID=3539938&UnitID=28085847&header=1
2026-09-25,2026-09-26T01:26:21+00:00,Evans 1,evans-1,1103,28085641,3539939,1,1,852,1,2503,4469,0,2026-07-16,2026-07-16,Vacant Unrented Ready,1st Floor; Pool View; Bianco G; Angola Black,,https://bellwestford.securecafe.com/onlineleasing/bell-westford/oleapplication.aspx?stepname=RentalOptions&myOlePropertyId=1311869&FloorPlanID=3539939&UnitID=28085641&header=1
2026-09-25,2026-09-26T01:26:21+00:00,Evans 2,evans-2,5111,28085984,3539949,1,1,852,,2510,4477,0,2026-07-02,2026-07-02,Vacant Unrented Ready,Ornamental,,https://bellwestford.securecafe.com/onlineleasing/bell-westford/oleapplication.aspx?stepname=RentalOptions&myOlePropertyId=1311869&FloorPlanID=3539949&UnitID=28085984&header=1
2026-09-25,2026-09-26T01:26:21+00:00,Erie 1,erie-1,2205,28085742,3539940,1,1,913,2,2659,4646,0,2026-08-28,2026-08-28,Vacant Unrented Ready,Balcony; 2nd Floor; Premium View; Botticino,,https://bellwestford.securecafe.com/onlineleasing/bell-westford/oleapplication.aspx?stepname=RentalOptions&myOlePropertyId=1311869&FloorPlanID=3539940&UnitID=28085742&header=1
2026-09-25,2026-09-26T01:26:21+00:00,Erie 2,erie-2,3205,28085916,3539950,1,1,922,,2655,4641,0,2026-07-04,2026-07-04,Vacant Unrented Ready,Balcony; Pool View; Shitake,,https://bellwestford.securecafe.com/onlineleasing/bell-westford/oleapplication.aspx?stepname=RentalOptions&myOlePropertyId=1311869&FloorPlanID=3539950&UnitID=28085916&header=1
2026-09-25,2026-09-26T01:26:21+00:00,Ames 1,ames-1,3420,28085876,3539941,2,2,1178,4,3041,5441,0,2026-07-02,2026-07-02,Vacant Unrented Ready,4th Floor; Balcony; Premium View; Maple White; Botticino,,https://bellwestford.securecafe.com/onlineleasing/bell-westford/oleapplication.aspx?stepname=RentalOptions&myOlePropertyId=1311869&FloorPlanID=3539941&UnitID=28085876&header=1
2026-09-25,2026-09-26T01:26:21+00:00,Ames 1,ames-1,3102,28085799,3539941,2,2,1188,1,3281,5878,0,2026-09-30,2026-09-30,Vacant Unrented Not Ready,1st Floor; Premium View; Balcony; Maple White; Private Yard; Angola Black,,https://bellwestford.securecafe.com/onlineleasing/bell-westford/oleapplication.aspx?stepname=RentalOptions&myOlePropertyId=1311869&FloorPlanID=3539941&UnitID=28085799&header=1
2026-09-25,2026-09-26T01:26:21+00:00,Ames 1,ames-1,1422,28085716,3539941,2,2,1192,4,2986,5381,0,2026-09-22,2026-09-22,Vacant Unrented Ready,4th Floor; Balcony; Premium View; Botticino; Bianco,,https://bellwestford.securecafe.com/onlineleasing/bell-westford/oleapplication.aspx?stepname=RentalOptions&myOlePropertyId=1311869&FloorPlanID=3539941&UnitID=28085716&header=1
2026-09-25,2026-09-26T01:26:21+00:00,Ames 1,ames-1,2420,28085796,3539941,2,2,1192,4,2936,5406,0,2026-10-10,2026-10-10,Notice Unrented,4th Floor; Balcony; Botticino; Maple White,,https://bellwestford.securecafe.com/onlineleasing/bell-westford/oleapplication.aspx?stepname=RentalOptions&myOlePropertyId=1311869&FloorPlanID=3539941&UnitID=28085796&header=1
2026-09-25,2026-09-26T01:26:21+00:00,Ames 2,ames-2,5302,28086017,3539951,2,2,1226,,3020,4986,0,2027-01-10,2027-01-10,Notice Unrented,Premium View; Balcony; Shitake,,https://bellwestford.securecafe.com/onlineleasing/bell-westford/oleapplication.aspx?stepname=RentalOptions&myOlePropertyId=1311869&FloorPlanID=3539951&UnitID=28086017&header=1
2026-09-25,2026-09-26T01:26:21+00:00,Ames 2,ames-2,5422,28086057,3539951,2,2,1227,,2950,5341,0,2026-08-07,2026-08-07,Vacant Unrented Ready,Balcony; Maple White,,https://bellwestford.securecafe.com/onlineleasing/bell-westford/oleapplication.aspx?stepname=RentalOptions&myOlePropertyId=1311869&FloorPlanID=3539951&UnitID=28086057&header=1
2026-09-25,2026-09-26T01:26:21+00:00,Aspen 2,aspen-2,3210,28085920,3539952,2,2,1233,,3040,5440,0,2026-08-03,2026-08-03,Vacant Unrented Ready,Balcony; Shitake,,https://bellwestford.securecafe.com/onlineleasing/bell-westford/oleapplication.aspx?stepname=RentalOptions&myOlePropertyId=1311869&FloorPlanID=3539952&UnitID=28085920&header=1
2026-09-25,2026-09-26T01:26:21+00:00,Aspen 2,aspen-2,3218,28085928,3539952,2,2,1233,,3040,5440,0,2026-06-22,2026-06-22,Vacant Unrented Ready,Balcony; Maple White,,https://bellwestford.securecafe.com/onlineleasing/bell-westford/oleapplication.aspx?stepname=RentalOptions&myOlePropertyId=1311869&FloorPlanID=3539952&UnitID=28085928&header=1
2026-09-25,2026-09-26T01:26:21+00:00,Aspen 1,aspen-1,2118,28085734,3539942,2,2,1234,1,2995,5390,0,2026-09-28,2026-09-28,Vacant Unrented Ready,1st Floor; Bianco G; Angola Black,,https://bellwestford.securecafe.com/onlineleasing/bell-westford/oleapplication.aspx?stepname=RentalOptions&myOlePropertyId=1311869&FloorPlanID=3539942&UnitID=28085734&header=1
2026-09-25,2026-09-26T01:26:21+00:00,Aspen 1,aspen-1,2313,28085769,3539942,2,2,1234,3,3125,5617,0,2026-10-10,2026-10-10,Notice Unrented,3rd Floor; Premium View; Balcony; Bianco G; Angola Black,,https://bellwestford.securecafe.com/onlineleasing/bell-westford/oleapplication.aspx?stepname=RentalOptions&myOlePropertyId=1311869&FloorPlanID=3539942&UnitID=28085769&header=1
2026-09-25,2026-09-26T01:26:21+00:00,Aspen 1,aspen-1,3318,28085854,3539942,2,2,1234,3,3225,5327,0,2026-11-15,2026-11-15,Notice Unrented,3rd Floor; Balcony; Premium View; Botticino; Maple White; ADA,,https://bellwestford.securecafe.com/onlineleasing/bell-westford/oleapplication.aspx?stepname=RentalOptions&myOlePropertyId=1311869&FloorPlanID=3539942&UnitID=28085854&header=1
2026-09-25,2026-09-26T01:26:21+00:00,Avon 2,avon-2,5201,28085995,3539953,2,2,1291,,3020,5582,0,2026-09-29,2026-09-29,Vacant Unrented Not Ready,Ornamental,,https://bellwestford.securecafe.com/onlineleasing/bell-westford/oleapplication.aspx?stepname=RentalOptions&myOlePropertyId=1311869&FloorPlanID=3539953&UnitID=28085995&header=1
2026-09-25,2026-09-26T01:26:21+00:00,Avon 1,avon-1,3114,28085811,3539943,2,2,1304,1,3334,5763,0,2026-08-28,2026-08-28,Vacant Unrented Ready,1st Floor; Balcony; Maple White; Private Yard; Botticino,,https://bellwestford.securecafe.com/onlineleasing/bell-westford/oleapplication.aspx?stepname=RentalOptions&myOlePropertyId=1311869&FloorPlanID=3539943&UnitID=28085811&header=1
2026-09-25,2026-09-26T01:26:21+00:00,Breckenridge 1,breckenridge-1,1101,28085639,3539944,3,2,1472,1,4195,9328,0,2026-09-29,2026-09-29,Vacant Unrented Not Ready,1st Floor; Balcony; Pool View; Maple White; Bianco,,https://bellwestford.securecafe.com/onlineleasing/bell-westford/oleapplication.aspx?stepname=RentalOptions&myOlePropertyId=1311869&FloorPlanID=3539944&UnitID=28085639&header=1
2026-09-25,2026-09-26T01:26:21+00:00,Breckenridge 1,breckenridge-1,2101,28085718,3539944,3,2,1472,1,4395,9284,0,2026-09-18,2026-09-18,Vacant Unrented Ready,1st Floor; Premium View; Balcony; Bianco G; Private Yard; Botticino,,https://bellwestford.securecafe.com/onlineleasing/bell-westford/oleapplication.aspx?stepname=RentalOptions&myOlePropertyId=1311869&FloorPlanID=3539944&UnitID=28085718&header=1
2026-09-25,2026-09-26T01:26:21+00:00,Breckenridge 1,breckenridge-1,3321,28085857,3539944,3,2,1472,3,4135,8998,0,2026-08-28,2026-08-28,Vacant Unrented Ready,3rd Floor; Balcony; Maple White; Angola Black,,https://bellwestford.securecafe.com/onlineleasing/bell-westford/oleapplication.aspx?stepname=RentalOptions&myOlePropertyId=1311869&FloorPlanID=3539944&UnitID=28085857&header=1
2026-09-25,2026-09-26T01:26:21+00:00,Breckenridge 2,breckenridge-2,3401,28085954,3539954,3,2,1503,,4443,9337,0,2025-08-15,2025-08-15,Vacant Unrented Ready,Pool View; Balcony; Ornamental,,https://bellwestford.securecafe.com/onlineleasing/bell-westford/oleapplication.aspx?stepname=RentalOptions&myOlePropertyId=1311869&FloorPlanID=3539954&UnitID=28085954&header=1
2026-09-25,2026-09-26T01:26:21+00:00,Townhome,townhome,0202,28085879,3539955,3,2,1921,,5055,10010,0,2026-08-11,2026-08-11,Vacant Unrented Ready,Townhouse; Shitake,,https://bellwestford.securecafe.com/onlineleasing/bell-westford/oleapplication.aspx?stepname=RentalOptions&myOlePropertyId=1311869&FloorPlanID=3539955&UnitID=28085879&header=1
2026-09-25,2026-09-26T01:26:21+00:00,Townhome,townhome,0203,28085880,3539955,3,2,1921,,4765,7756,0,2026-11-04,2026-11-04,Notice Unrented,Townhouse; Ornamental,,https://bellwestford.securecafe.com/onlineleasing/bell-westford/oleapplication.aspx?stepname=RentalOptions&myOlePropertyId=1311869&FloorPlanID=3539955&UnitID=28085880&header=1
2026-09-25,2026-09-26T01:26:21+00:00,Townhome,townhome,0602,28085885,3539955,3,2,1921,,5060,9032,0,2027-01-10,2027-01-10,Notice Unrented,Townhouse; Maple White,,https://bellwestford.securecafe.com/onlineleasing/bell-westford/oleapplication.aspx?stepname=RentalOptions&myOlePropertyId=1311869&FloorPlanID=3539955&UnitID=28085885&header=1
2026-09-26,2026-09-27T01:18:04+00:00,Denver 1,denver-1,2119,28085735,3539935,0,1,535,1,2420,3942,0,2026-10-25,2026-10-25,Notice Unrented,1st Floor; Premium View; Maple White; Private Yard; Bianco,,https://bellwestford.securecafe.com/onlineleasing/bell-westford/oleapplication.aspx?stepname=RentalOptions&myOlePropertyId=1311869&FloorPlanID=3539935&UnitID=28085735&header=1
2026-09-26,2026-09-27T01:18:04+00:00,Denver 2,denver-2,3302,28085934,3539945,0,1,535,,2290,4420,0,2026-08-03,2026-08-03,Vacant Unrented Ready,Balcony; Ornamental,,https://bellwestford.securecafe.com/onlineleasing/bell-westford/oleapplication.aspx?stepname=RentalOptions&myOlePropertyId=1311869&FloorPlanID=3539945&UnitID=28085934&header=1
2026-09-26,2026-09-27T01:18:04+00:00,Denver 2,denver-2,3319,28085950,3539945,0,1,535,,2440,4590,0,2026-06-11,2026-06-11,Vacant Unrented Not Ready,Pool View; Balcony; Ornamental,,https://bellwestford.securecafe.com/onlineleasing/bell-westford/oleapplication.aspx?stepname=RentalOptions&myOlePropertyId=1311869&FloorPlanID=3539945&UnitID=28085950&header=1
2026-09-26,2026-09-27T01:18:04+00:00,Evergreen 1,evergreen-1,1311,28085685,3539938,1,1,789,3,2535,4364,0,2026-10-01,2026-10-01,Vacant Unrented Not Ready,3rd Floor; Balcony; Pool View; Maple White,,https://bellwestford.securecafe.com/onlineleasing/bell-westford/oleapplication.aspx?stepname=RentalOptions&myOlePropertyId=1311869&FloorPlanID=3539938&UnitID=28085685&header=1
2026-09-26,2026-09-27T01:18:04+00:00,Evergreen 1,evergreen-1,3310,28085847,3539938,1,1,789,3,2485,4244,0,2026-10-07,2026-10-07,Notice Unrented,3rd Floor; Premium View; Balcony; Maple White; Angola Black,,https://bellwestford.securecafe.com/onlineleasing/bell-westford/oleapplication.aspx?stepname=RentalOptions&myOlePropertyId=1311869&FloorPlanID=3539938&UnitID=28085847&header=1
2026-09-26,2026-09-27T01:18:04+00:00,Evans 1,evans-1,1103,28085641,3539939,1,1,852,1,2513,4469,0,2026-07-16,2026-07-16,Vacant Unrented Ready,1st Floor; Pool View; Bianco G; Angola Black,,https://bellwestford.securecafe.com/onlineleasing/bell-westford/oleapplication.aspx?stepname=RentalOptions&myOlePropertyId=1311869&FloorPlanID=3539939&UnitID=28085641&header=1
2026-09-26,2026-09-27T01:18:04+00:00,Evans 2,evans-2,5111,28085984,3539949,1,1,852,,2520,4477,0,2026-07-02,2026-07-02,Vacant Unrented Ready,Ornamental,,https://bellwestford.securecafe.com/onlineleasing/bell-westford/oleapplication.aspx?stepname=RentalOptions&myOlePropertyId=1311869&FloorPlanID=3539949&UnitID=28085984&header=1
2026-09-26,2026-09-27T01:18:04+00:00,Erie 1,erie-1,2205,28085742,3539940,1,1,913,2,2669,4646,0,2026-08-28,2026-08-28,Vacant Unrented Ready,Balcony; 2nd Floor; Premium View; Botticino,,https://bellwestford.securecafe.com/onlineleasing/bell-westford/oleapplication.aspx?stepname=RentalOptions&myOlePropertyId=1311869&FloorPlanID=3539940&UnitID=28085742&header=1
2026-09-26,2026-09-27T01:18:04+00:00,Erie 2,erie-2,3205,28085916,3539950,1,1,922,,2665,4641,0,2026-07-04,2026-07-04,Vacant Unrented Ready,Balcony; Pool View; Shitake,,https://bellwestford.securecafe.com/onlineleasing/bell-westford/oleapplication.aspx?stepname=RentalOptions&myOlePropertyId=1311869&FloorPlanID=3539950&UnitID=28085916&header=1
2026-09-26,2026-09-27T01:18:04+00:00,Ames 1,ames-1,3420,28085876,3539941,2,2,1178,4,3041,5441,0,2026-07-02,2026-07-02,Vacant Unrented Ready,4th Floor; Balcony; Premium View; Maple White; Botticino,,https://bellwestford.securecafe.com/onlineleasing/bell-westford/oleapplication.aspx?stepname=RentalOptions&myOlePropertyId=1311869&FloorPlanID=3539941&UnitID=28085876&header=1
2026-09-26,2026-09-27T01:18:04+00:00,Ames 1,ames-1,3102,28085799,3539941,2,2,1188,1,3281,5878,0,2026-09-30,2026-09-30,Vacant Unrented Not Ready,1st Floor; Premium View; Balcony; Maple White; Private Yard; Angola Black,,https://bellwestford.securecafe.com/onlineleasing/bell-westford/oleapplication.aspx?stepname=RentalOptions&myOlePropertyId=1311869&FloorPlanID=3539941&UnitID=28085799&header=1
2026-09-26,2026-09-27T01:18:04+00:00,Ames 1,ames-1,1422,28085716,3539941,2,2,1192,4,2986,5381,0,2026-09-22,2026-09-22,Vacant Unrented Ready,4th Floor; Balcony; Premium View; Botticino; Bianco,,https://bellwestford.securecafe.com/onlineleasing/bell-westford/oleapplication.aspx?stepname=RentalOptions&myOlePropertyId=1311869&FloorPlanID=3539941&UnitID=28085716&header=1
2026-09-26,2026-09-27T01:18:04+00:00,Ames 1,ames-1,2420,28085796,3539941,2,2,1192,4,2936,5406,0,2026-10-10,2026-10-10,Notice Unrented,4th Floor; Balcony; Botticino; Maple White,,https://bellwestford.securecafe.com/onlineleasing/bell-westford/oleapplication.aspx?stepname=RentalOptions&myOlePropertyId=1311869&FloorPlanID=3539941&UnitID=28085796&header=1
2026-09-26,2026-09-27T01:18:04+00:00,Ames 2,ames-2,5302,28086017,3539951,2,2,1226,,3015,4986,0,2027-01-10,2027-01-10,Notice Unrented,Premium View; Balcony; Shitake,,https://bellwestford.securecafe.com/onlineleasing/bell-westford/oleapplication.aspx?stepname=RentalOptions&myOlePropertyId=1311869&FloorPlanID=3539951&UnitID=28086017&header=1
2026-09-26,2026-09-27T01:18:04+00:00,Ames 2,ames-2,5422,28086057,3539951,2,2,1227,,2950,5341,0,2026-08-07,2026-08-07,Vacant Unrented Ready,Balcony; Maple White,,https://bellwestford.securecafe.com/onlineleasing/bell-westford/oleapplication.aspx?stepname=RentalOptions&myOlePropertyId=1311869&FloorPlanID=3539951&UnitID=28086057&header=1
2026-09-26,2026-09-27T01:18:04+00:00,Aspen 2,aspen-2,3218,28085928,3539952,2,2,1233,,3040,5440,0,2026-06-22,2026-06-22,Vacant Unrented Ready,Balcony; Maple White,,https://bellwestford.securecafe.com/onlineleasing/bell-westford/oleapplication.aspx?stepname=RentalOptions&myOlePropertyId=1311869&FloorPlanID=3539952&UnitID=28085928&header=1
2026-09-26,2026-09-27T01:18:04+00:00,Aspen 1,aspen-1,2118,28085734,3539942,2,2,1234,1,2995,5390,0,2026-09-28,2026-09-28,Vacant Unrented Ready,1st Floor; Bianco G; Angola Black,,https://bellwestford.securecafe.com/onlineleasing/bell-westford/oleapplication.aspx?stepname=RentalOptions&myOlePropertyId=1311869&FloorPlanID=3539942&UnitID=28085734&header=1
2026-09-26,2026-09-27T01:18:04+00:00,Aspen 1,aspen-1,2313,28085769,3539942,2,2,1234,3,3125,5617,0,2026-10-10,2026-10-10,Notice Unrented,3rd Floor; Premium View; Balcony; Bianco G; Angola Black,,https://bellwestford.securecafe.com/onlineleasing/bell-westford/oleapplication.aspx?stepname=RentalOptions&myOlePropertyId=1311869&FloorPlanID=3539942&UnitID=28085769&header=1
2026-09-26,2026-09-27T01:18:04+00:00,Avon 2,avon-2,5201,28085995,3539953,2,2,1291,,3020,5582,0,2026-09-29,2026-09-29,Vacant Unrented Not Ready,Ornamental,,https://bellwestford.securecafe.com/onlineleasing/bell-westford/oleapplication.aspx?stepname=RentalOptions&myOlePropertyId=1311869&FloorPlanID=3539953&UnitID=28085995&header=1
2026-09-26,2026-09-27T01:18:04+00:00,Avon 1,avon-1,3114,28085811,3539943,2,2,1304,1,3334,5763,0,2026-08-28,2026-08-28,Vacant Unrented Ready,1st Floor; Balcony; Maple White; Private Yard; Botticino,,https://bellwestford.securecafe.com/onlineleasing/bell-westford/oleapplication.aspx?stepname=RentalOptions&myOlePropertyId=1311869&FloorPlanID=3539943&UnitID=28085811&header=1
2026-09-26,2026-09-27T01:18:04+00:00,Breckenridge 1,breckenridge-1,1101,28085639,3539944,3,2,1472,1,4195,9328,0,2026-09-29,2026-09-29,Vacant Unrented Not Ready,1st Floor; Balcony; Pool View; Maple White; Bianco,,https://bellwestford.securecafe.com/onlineleasing/bell-westford/oleapplication.aspx?stepname=RentalOptions&myOlePropertyId=1311869&FloorPlanID=3539944&UnitID=28085639&header=1
2026-09-26,2026-09-27T01:18:04+00:00,Breckenridge 1,breckenridge-1,2101,28085718,3539944,3,2,1472,1,4395,9284,0,2026-09-18,2026-09-18,Vacant Unrented Ready,1st Floor; Premium View; Balcony; Bianco G; Private Yard; Botticino,,https://bellwestford.securecafe.com/onlineleasing/bell-westford/oleapplication.aspx?stepname=RentalOptions&myOlePropertyId=1311869&FloorPlanID=3539944&UnitID=28085718&header=1
2026-09-26,2026-09-27T01:18:04+00:00,Breckenridge 1,breckenridge-1,3321,28085857,3539944,3,2,1472,3,4135,8998,0,2026-08-28,2026-08-28,Vacant Unrented Ready,3rd Floor; Balcony; Maple White; Angola Black,,https://bellwestford.securecafe.com/onlineleasing/bell-westford/oleapplication.aspx?stepname=RentalOptions&myOlePropertyId=1311869&FloorPlanID=3539944&UnitID=28085857&header=1
2026-09-26,2026-09-27T01:18:04+00:00,Breckenridge 2,breckenridge-2,3401,28085954,3539954,3,2,1503,,4443,9337,0,2025-08-15,2025-08-15,Vacant Unrented Ready,Pool View; Balcony; Ornamental,,https://bellwestford.securecafe.com/onlineleasing/bell-westford/oleapplication.aspx?stepname=RentalOptions&myOlePropertyId=1311869&FloorPlanID=3539954&UnitID=28085954&header=1
2026-09-26,2026-09-27T01:18:04+00:00,Townhome,townhome,0202,28085879,3539955,3,2,1921,,5055,10010,0,2026-08-11,2026-08-11,Vacant Unrented Ready,Townhouse; Shitake,,https://bellwestford.securecafe.com/onlineleasing/bell-westford/oleapplication.aspx?stepname=RentalOptions&myOlePropertyId=1311869&FloorPlanID=3539955&UnitID=28085879&header=1
2026-09-26,2026-09-27T01:18:04+00:00,Townhome,townhome,0203,28085880,3539955,3,2,1921,,4765,7756,0,2026-11-04,2026-11-04,Notice Unrented,Townhouse; Ornamental,,https://bellwestford.securecafe.com/onlineleasing/bell-westford/oleapplication.aspx?stepname=RentalOptions&myOlePropertyId=1311869&FloorPlanID=3539955&UnitID=28085880&header=1
2026-09-26,2026-09-27T01:18:04+00:00,Townhome,townhome,0602,28085885,3539955,3,2,1921,,5055,9032,0,2027-01-10,2027-01-10,Notice Unrented,Townhouse; Maple White,,https://bellwestford.securecafe.com/onlineleasing/bell-westford/oleapplication.aspx?stepname=RentalOptions&myOlePropertyId=1311869&FloorPlanID=3539955&UnitID=28085885&header=1
2026-09-27,2026-09-28T01:32:02+00:00,Denver 1,denver-1,2119,28085735,3539935,0,1,535,1,2415,3942,0,2026-10-25,2026-10-25,Notice Unrented,1st Floor; Premium View; Maple White; Private Yard; Bianco,,https://bellwestford.securecafe.com/onlineleasing/bell-westford/oleapplication.aspx?stepname=RentalOptions&myOlePropertyId=1311869&FloorPlanID=3539935&UnitID=28085735&header=1
2026-09-27,2026-09-28T01:32:02+00:00,Denver 2,denver-2,3302,28085934,3539945,0,1,535,,2285,4420,0,2026-08-03,2026-08-03,Vacant Unrented Ready,Balcony; Ornamental,,https://bellwestford.securecafe.com/onlineleasing/bell-westford/oleapplication.aspx?stepname=RentalOptions&myOlePropertyId=1311869&FloorPlanID=3539945&UnitID=28085934&header=1
2026-09-27,2026-09-28T01:32:02+00:00,Denver 2,denver-2,3319,28085950,3539945,0,1,535,,2435,4590,0,2026-06-11,2026-06-11,Vacant Unrented Not Ready,Pool View; Balcony; Ornamental,,https://bellwestford.securecafe.com/onlineleasing/bell-westford/oleapplication.aspx?stepname=RentalOptions&myOlePropertyId=1311869&FloorPlanID=3539945&UnitID=28085950&header=1
2026-09-27,2026-09-28T01:32:02+00:00,Evergreen 1,evergreen-1,1311,28085685,3539938,1,1,789,3,2555,4364,0,2026-10-01,2026-10-01,Vacant Unrented Not Ready,3rd Floor; Balcony; Pool View; Maple White,,https://bellwestford.securecafe.com/onlineleasing/bell-westford/oleapplication.aspx?stepname=RentalOptions&myOlePropertyId=1311869&FloorPlanID=3539938&UnitID=28085685&header=1
2026-09-27,2026-09-28T01:32:02+00:00,Evergreen 1,evergreen-1,3310,28085847,3539938,1,1,789,3,2505,4244,0,2026-10-07,2026-10-07,Notice Unrented,3rd Floor; Premium View; Balcony; Maple White; Angola Black,,https://bellwestford.securecafe.com/onlineleasing/bell-westford/oleapplication.aspx?stepname=RentalOptions&myOlePropertyId=1311869&FloorPlanID=3539938&UnitID=28085847&header=1
2026-09-27,2026-09-28T01:32:02+00:00,Evans 1,evans-1,1103,28085641,3539939,1,1,852,1,2533,4469,0,2026-07-16,2026-07-16,Vacant Unrented Ready,1st Floor; Pool View; Bianco G; Angola Black,,https://bellwestford.securecafe.com/onlineleasing/bell-westford/oleapplication.aspx?stepname=RentalOptions&myOlePropertyId=1311869&FloorPlanID=3539939&UnitID=28085641&header=1
2026-09-27,2026-09-28T01:32:02+00:00,Evans 2,evans-2,5111,28085984,3539949,1,1,852,,2540,4477,0,2026-07-02,2026-07-02,Vacant Unrented Ready,Ornamental,,https://bellwestford.securecafe.com/onlineleasing/bell-westford/oleapplication.aspx?stepname=RentalOptions&myOlePropertyId=1311869&FloorPlanID=3539949&UnitID=28085984&header=1
2026-09-27,2026-09-28T01:32:02+00:00,Erie 1,erie-1,2205,28085742,3539940,1,1,913,2,2689,4646,0,2026-08-28,2026-08-28,Vacant Unrented Ready,Balcony; 2nd Floor; Premium View; Botticino,,https://bellwestford.securecafe.com/onlineleasing/bell-westford/oleapplication.aspx?stepname=RentalOptions&myOlePropertyId=1311869&FloorPlanID=3539940&UnitID=28085742&header=1
2026-09-27,2026-09-28T01:32:02+00:00,Erie 2,erie-2,3205,28085916,3539950,1,1,922,,2685,4641,0,2026-07-04,2026-07-04,Vacant Unrented Ready,Balcony; Pool View; Shitake,,https://bellwestford.securecafe.com/onlineleasing/bell-westford/oleapplication.aspx?stepname=RentalOptions&myOlePropertyId=1311869&FloorPlanID=3539950&UnitID=28085916&header=1
2026-09-27,2026-09-28T01:32:02+00:00,Ames 1,ames-1,3420,28085876,3539941,2,2,1178,4,3041,5441,0,2026-07-02,2026-07-02,Vacant Unrented Ready,4th Floor; Balcony; Premium View; Maple White; Botticino,,https://bellwestford.securecafe.com/onlineleasing/bell-westford/oleapplication.aspx?stepname=RentalOptions&myOlePropertyId=1311869&FloorPlanID=3539941&UnitID=28085876&header=1
2026-09-27,2026-09-28T01:32:02+00:00,Ames 1,ames-1,3102,28085799,3539941,2,2,1188,1,3281,5878,0,2026-09-30,2026-09-30,Vacant Unrented Not Ready,1st Floor; Premium View; Balcony; Maple White; Private Yard; Angola Black,,https://bellwestford.securecafe.com/onlineleasing/bell-westford/oleapplication.aspx?stepname=RentalOptions&myOlePropertyId=1311869&FloorPlanID=3539941&UnitID=28085799&header=1
2026-09-27,2026-09-28T01:32:02+00:00,Ames 1,ames-1,1422,28085716,3539941,2,2,1192,4,2986,5381,0,2026-09-22,2026-09-22,Vacant Unrented Ready,4th Floor; Balcony; Premium View; Botticino; Bianco,,https://bellwestford.securecafe.com/onlineleasing/bell-westford/oleapplication.aspx?stepname=RentalOptions&myOlePropertyId=1311869&FloorPlanID=3539941&UnitID=28085716&header=1
2026-09-27,2026-09-28T01:32:02+00:00,Ames 1,ames-1,2420,28085796,3539941,2,2,1192,4,2936,5406,0,2026-10-10,2026-10-10,Notice Unrented,4th Floor; Balcony; Botticino; Maple White,,https://bellwestford.securecafe.com/onlineleasing/bell-westford/oleapplication.aspx?stepname=RentalOptions&myOlePropertyId=1311869&FloorPlanID=3539941&UnitID=28085796&header=1
2026-09-27,2026-09-28T01:32:02+00:00,Ames 2,ames-2,5302,28086017,3539951,2,2,1226,,3020,4986,0,2027-01-10,2027-01-10,Notice Unrented,Premium View; Balcony; Shitake,,https://bellwestford.securecafe.com/onlineleasing/bell-westford/oleapplication.aspx?stepname=RentalOptions&myOlePropertyId=1311869&FloorPlanID=3539951&UnitID=28086017&header=1
2026-09-27,2026-09-28T01:32:02+00:00,Ames 2,ames-2,5422,28086057,3539951,2,2,1227,,2950,5341,0,2026-08-07,2026-08-07,Vacant Unrented Ready,Balcony; Maple White,,https://bellwestford.securecafe.com/onlineleasing/bell-westford/oleapplication.aspx?stepname=RentalOptions&myOlePropertyId=1311869&FloorPlanID=3539951&UnitID=28086057&header=1
2026-09-27,2026-09-28T01:32:02+00:00,Aspen 2,aspen-2,3218,28085928,3539952,2,2,1233,,3040,5440,0,2026-06-22,2026-06-22,Vacant Unrented Ready,Balcony; Maple White,,https://bellwestford.securecafe.com/onlineleasing/bell-westford/oleapplication.aspx?stepname=RentalOptions&myOlePropertyId=1311869&FloorPlanID=3539952&UnitID=28085928&header=1
2026-09-27,2026-09-28T01:32:02+00:00,Aspen 1,aspen-1,2118,28085734,3539942,2,2,1234,1,2995,5390,0,2026-09-28,2026-09-28,Vacant Unrented Ready,1st Floor; Bianco G; Angola Black,,https://bellwestford.securecafe.com/onlineleasing/bell-westford/oleapplication.aspx?stepname=RentalOptions&myOlePropertyId=1311869&FloorPlanID=3539942&UnitID=28085734&header=1
2026-09-27,2026-09-28T01:32:02+00:00,Aspen 1,aspen-1,2313,28085769,3539942,2,2,1234,3,3125,5617,0,2026-10-10,2026-10-10,Notice Unrented,3rd Floor; Premium View; Balcony; Bianco G; Angola Black,,https://bellwestford.securecafe.com/onlineleasing/bell-westford/oleapplication.aspx?stepname=RentalOptions&myOlePropertyId=1311869&FloorPlanID=3539942&UnitID=28085769&header=1
2026-09-27,2026-09-28T01:32:02+00:00,Avon 2,avon-2,5201,28085995,3539953,2,2,1291,,3020,5582,0,2026-09-29,2026-09-29,Vacant Unrented Not Ready,Ornamental,,https://bellwestford.securecafe.com/onlineleasing/bell-westford/oleapplication.aspx?stepname=RentalOptions&myOlePropertyId=1311869&FloorPlanID=3539953&UnitID=28085995&header=1
2026-09-27,2026-09-28T01:32:02+00:00,Avon 1,avon-1,3114,28085811,3539943,2,2,1304,1,3334,5763,0,2026-08-28,2026-08-28,Vacant Unrented Ready,1st Floor; Balcony; Maple White; Private Yard; Botticino,,https://bellwestford.securecafe.com/onlineleasing/bell-westford/oleapplication.aspx?stepname=RentalOptions&myOlePropertyId=1311869&FloorPlanID=3539943&UnitID=28085811&header=1
2026-09-27,2026-09-28T01:32:02+00:00,Breckenridge 1,breckenridge-1,1101,28085639,3539944,3,2,1472,1,4195,9328,0,2026-09-29,2026-09-29,Vacant Unrented Not Ready,1st Floor; Balcony; Pool View; Maple White; Bianco,,https://bellwestford.securecafe.com/onlineleasing/bell-westford/oleapplication.aspx?stepname=RentalOptions&myOlePropertyId=1311869&FloorPlanID=3539944&UnitID=28085639&header=1
2026-09-27,2026-09-28T01:32:02+00:00,Breckenridge 1,breckenridge-1,2101,28085718,3539944,3,2,1472,1,4395,9284,0,2026-09-18,2026-09-18,Vacant Unrented Ready,1st Floor; Premium View; Balcony; Bianco G; Private Yard; Botticino,,https://bellwestford.securecafe.com/onlineleasing/bell-westford/oleapplication.aspx?stepname=RentalOptions&myOlePropertyId=1311869&FloorPlanID=3539944&UnitID=28085718&header=1
2026-09-27,2026-09-28T01:32:02+00:00,Breckenridge 1,breckenridge-1,3321,28085857,3539944,3,2,1472,3,4135,8998,0,2026-08-28,2026-08-28,Vacant Unrented Ready,3rd Floor; Balcony; Maple White; Angola Black,,https://bellwestford.securecafe.com/onlineleasing/bell-westford/oleapplication.aspx?stepname=RentalOptions&myOlePropertyId=1311869&FloorPlanID=3539944&UnitID=28085857&header=1
2026-09-27,2026-09-28T01:32:02+00:00,Breckenridge 2,breckenridge-2,3401,28085954,3539954,3,2,1503,,4443,9337,0,2025-08-15,2025-08-15,Vacant Unrented Ready,Pool View; Balcony; Ornamental,,https://bellwestford.securecafe.com/onlineleasing/bell-westford/oleapplication.aspx?stepname=RentalOptions&myOlePropertyId=1311869&FloorPlanID=3539954&UnitID=28085954&header=1
2026-09-27,2026-09-28T01:32:02+00:00,Townhome,townhome,0202,28085879,3539955,3,2,1921,,5055,10010,0,2026-08-11,2026-08-11,Vacant Unrented Ready,Townhouse; Shitake,,https://bellwestford.securecafe.com/onlineleasing/bell-westford/oleapplication.aspx?stepname=RentalOptions&myOlePropertyId=1311869&FloorPlanID=3539955&UnitID=28085879&header=1
2026-09-27,2026-09-28T01:32:02+00:00,Townhome,townhome,0203,28085880,3539955,3,2,1921,,4765,7756,0,2026-11-04,2026-11-04,Notice Unrented,Townhouse; Ornamental,,https://bellwestford.securecafe.com/onlineleasing/bell-westford/oleapplication.aspx?stepname=RentalOptions&myOlePropertyId=1311869&FloorPlanID=3539955&UnitID=28085880&header=1
2026-09-27,2026-09-28T01:32:02+00:00,Townhome,townhome,0602,28085885,3539955,3,2,1921,,5055,9032,0,2027-01-10,2027-01-10,Notice Unrented,Townhouse; Maple White,,https://bellwestford.securecafe.com/onlineleasing/bell-westford/oleapplication.aspx?stepname=RentalOptions&myOlePropertyId=1311869&FloorPlanID=3539955&UnitID=28085885&header=1
2026-09-28,2026-09-29T02:33:05+00:00,Denver 1,denver-1,2119,28085735,3539935,0,1,535,1,2400,3942,0,2026-10-25,2026-10-25,Notice Unrented,1st Floor; Premium View; Maple White; Private Yard; Bianco,,https://bellwestford.securecafe.com/onlineleasing/bell-westford/oleapplication.aspx?stepname=RentalOptions&myOlePropertyId=1311869&FloorPlanID=3539935&UnitID=28085735&header=1
2026-09-28,2026-09-29T02:33:05+00:00,Denver 2,denver-2,3302,28085934,3539945,0,1,535,,2275,4420,0,2026-08-03,2026-08-03,Vacant Unrented Ready,Balcony; Ornamental,,https://bellwestford.securecafe.com/onlineleasing/bell-westford/oleapplication.aspx?stepname=RentalOptions&myOlePropertyId=1311869&FloorPlanID=3539945&UnitID=28085934&header=1
2026-09-28,2026-09-29T02:33:05+00:00,Denver 2,denver-2,3319,28085950,3539945,0,1,535,,2425,4590,0,2026-06-11,2026-06-11,Vacant Unrented Not Ready,Pool View; Balcony; Ornamental,,https://bellwestford.securecafe.com/onlineleasing/bell-westford/oleapplication.aspx?stepname=RentalOptions&myOlePropertyId=1311869&FloorPlanID=3539945&UnitID=28085950&header=1
2026-09-28,2026-09-29T02:33:05+00:00,Evergreen 1,evergreen-1,1311,28085685,3539938,1,1,789,3,2560,4471,0,2026-10-01,2026-10-01,Vacant Unrented Not Ready,3rd Floor; Balcony; Pool View; Maple White,,https://bellwestford.securecafe.com/onlineleasing/bell-westford/oleapplication.aspx?stepname=RentalOptions&myOlePropertyId=1311869&FloorPlanID=3539938&UnitID=28085685&header=1
2026-09-28,2026-09-29T02:33:05+00:00,Evergreen 1,evergreen-1,3310,28085847,3539938,1,1,789,3,2505,4244,0,2026-10-07,2026-10-07,Vacant Unrented Not Ready,3rd Floor; Premium View; Balcony; Maple White; Angola Black,,https://bellwestford.securecafe.com/onlineleasing/bell-westford/oleapplication.aspx?stepname=RentalOptions&myOlePropertyId=1311869&FloorPlanID=3539938&UnitID=28085847&header=1
2026-09-28,2026-09-29T02:33:05+00:00,Evans 2,evans-2,5111,28085984,3539949,1,1,852,,2565,4477,0,2026-07-02,2026-07-02,Vacant Unrented Ready,Ornamental,,https://bellwestford.securecafe.com/onlineleasing/bell-westford/oleapplication.aspx?stepname=RentalOptions&myOlePropertyId=1311869&FloorPlanID=3539949&UnitID=28085984&header=1
2026-09-28,2026-09-29T02:33:05+00:00,Erie 1,erie-1,2205,28085742,3539940,1,1,913,2,2714,4646,0,2026-08-28,2026-08-28,Vacant Unrented Ready,Balcony; 2nd Floor; Premium View; Botticino,,https://bellwestford.securecafe.com/onlineleasing/bell-westford/oleapplication.aspx?stepname=RentalOptions&myOlePropertyId=1311869&FloorPlanID=3539940&UnitID=28085742&header=1
2026-09-28,2026-09-29T02:33:05+00:00,Erie 2,erie-2,3205,28085916,3539950,1,1,922,,2710,4641,0,2026-07-04,2026-07-04,Vacant Unrented Ready,Balcony; Pool View; Shitake,,https://bellwestford.securecafe.com/onlineleasing/bell-westford/oleapplication.aspx?stepname=RentalOptions&myOlePropertyId=1311869&FloorPlanID=3539950&UnitID=28085916&header=1
2026-09-28,2026-09-29T02:33:05+00:00,Erie 2,erie-2,5217,28086010,3539950,1,1,922,,,,0,2026-12-09,2026-12-09,Notice Unrented,Balcony; Maple White,,https://bellwestford.securecafe.com/onlineleasing/bell-westford/oleapplication.aspx?stepname=RentalOptions&myOlePropertyId=1311869&FloorPlanID=3539950&UnitID=28086010&header=1
2026-09-28,2026-09-29T02:33:05+00:00,Ames 1,ames-1,3420,28085876,3539941,2,2,1178,4,3041,5441,0,2026-07-02,2026-07-02,Vacant Unrented Ready,4th Floor; Balcony; Premium View; Maple White; Botticino,,https://bellwestford.securecafe.com/onlineleasing/bell-westford/oleapplication.aspx?stepname=RentalOptions&myOlePropertyId=1311869&FloorPlanID=3539941&UnitID=28085876&header=1
2026-09-28,2026-09-29T02:33:05+00:00,Ames 1,ames-1,3102,28085799,3539941,2,2,1188,1,3281,5705,0,2026-09-30,2026-09-30,Vacant Unrented Not Ready,1st Floor; Premium View; Balcony; Maple White; Private Yard; Angola Black,,https://bellwestford.securecafe.com/onlineleasing/bell-westford/oleapplication.aspx?stepname=RentalOptions&myOlePropertyId=1311869&FloorPlanID=3539941&UnitID=28085799&header=1
2026-09-28,2026-09-29T02:33:05+00:00,Ames 1,ames-1,1422,28085716,3539941,2,2,1192,4,2986,5381,0,2026-09-22,2026-09-22,Vacant Unrented Ready,4th Floor; Balcony; Premium View; Botticino; Bianco,,https://bellwestford.securecafe.com/onlineleasing/bell-westford/oleapplication.aspx?stepname=RentalOptions&myOlePropertyId=1311869&FloorPlanID=3539941&UnitID=28085716&header=1
2026-09-28,2026-09-29T02:33:05+00:00,Ames 1,ames-1,2420,28085796,3539941,2,2,1192,4,2936,5406,0,2026-10-10,2026-10-10,Notice Unrented,4th Floor; Balcony; Botticino; Maple White,,https://bellwestford.securecafe.com/onlineleasing/bell-westford/oleapplication.aspx?stepname=RentalOptions&myOlePropertyId=1311869&FloorPlanID=3539941&UnitID=28085796&header=1
2026-09-28,2026-09-29T02:33:05+00:00,Ames 2,ames-2,5302,28086017,3539951,2,2,1226,,3020,4986,0,2027-01-10,2027-01-10,Notice Unrented,Premium View; Balcony; Shitake,,https://bellwestford.securecafe.com/onlineleasing/bell-westford/oleapplication.aspx?stepname=RentalOptions&myOlePropertyId=1311869&FloorPlanID=3539951&UnitID=28086017&header=1
2026-09-28,2026-09-29T02:33:05+00:00,Ames 2,ames-2,5422,28086057,3539951,2,2,1227,,2950,5341,0,2026-08-07,2026-08-07,Vacant Unrented Ready,Balcony; Maple White,,https://bellwestford.securecafe.com/onlineleasing/bell-westford/oleapplication.aspx?stepname=RentalOptions&myOlePropertyId=1311869&FloorPlanID=3539951&UnitID=28086057&header=1
2026-09-28,2026-09-29T02:33:05+00:00,Aspen 2,aspen-2,3218,28085928,3539952,2,2,1233,,3040,5440,0,2026-06-22,2026-06-22,Vacant Unrented Ready,Balcony; Maple White,,https://bellwestford.securecafe.com/onlineleasing/bell-westford/oleapplication.aspx?stepname=RentalOptions&myOlePropertyId=1311869&FloorPlanID=3539952&UnitID=28085928&header=1
2026-09-28,2026-09-29T02:33:05+00:00,Aspen 1,aspen-1,2118,28085734,3539942,2,2,1234,1,2995,5390,0,2026-09-28,2026-09-28,Vacant Unrented Ready,1st Floor; Bianco G; Angola Black,,https://bellwestford.securecafe.com/onlineleasing/bell-westford/oleapplication.aspx?stepname=RentalOptions&myOlePropertyId=1311869&FloorPlanID=3539942&UnitID=28085734&header=1
2026-09-28,2026-09-29T02:33:05+00:00,Aspen 1,aspen-1,2313,28085769,3539942,2,2,1234,3,3125,5617,0,2026-10-10,2026-10-10,Notice Unrented,3rd Floor; Premium View; Balcony; Bianco G; Angola Black,,https://bellwestford.securecafe.com/onlineleasing/bell-westford/oleapplication.aspx?stepname=RentalOptions&myOlePropertyId=1311869&FloorPlanID=3539942&UnitID=28085769&header=1
2026-09-28,2026-09-29T02:33:05+00:00,Avon 2,avon-2,5201,28085995,3539953,2,2,1291,,3020,5418,0,2026-09-29,2026-09-29,Vacant Unrented Not Ready,Ornamental,,https://bellwestford.securecafe.com/onlineleasing/bell-westford/oleapplication.aspx?stepname=RentalOptions&myOlePropertyId=1311869&FloorPlanID=3539953&UnitID=28085995&header=1
2026-09-28,2026-09-29T02:33:05+00:00,Avon 1,avon-1,3114,28085811,3539943,2,2,1304,1,3334,5763,0,2026-08-28,2026-08-28,Vacant Unrented Ready,1st Floor; Balcony; Maple White; Private Yard; Botticino,,https://bellwestford.securecafe.com/onlineleasing/bell-westford/oleapplication.aspx?stepname=RentalOptions&myOlePropertyId=1311869&FloorPlanID=3539943&UnitID=28085811&header=1
2026-09-28,2026-09-29T02:33:05+00:00,Breckenridge 1,breckenridge-1,1101,28085639,3539944,3,2,1472,1,4195,9064,0,2026-09-29,2026-09-29,Vacant Unrented Not Ready,1st Floor; Balcony; Pool View; Maple White; Bianco,,https://bellwestford.securecafe.com/onlineleasing/bell-westford/oleapplication.aspx?stepname=RentalOptions&myOlePropertyId=1311869&FloorPlanID=3539944&UnitID=28085639&header=1
2026-09-28,2026-09-29T02:33:05+00:00,Breckenridge 1,breckenridge-1,2101,28085718,3539944,3,2,1472,1,4395,9284,0,2026-09-18,2026-09-18,Vacant Unrented Ready,1st Floor; Premium View; Balcony; Bianco G; Private Yard; Botticino,,https://bellwestford.securecafe.com/onlineleasing/bell-westford/oleapplication.aspx?stepname=RentalOptions&myOlePropertyId=1311869&FloorPlanID=3539944&UnitID=28085718&header=1
2026-09-28,2026-09-29T02:33:05+00:00,Breckenridge 1,breckenridge-1,3321,28085857,3539944,3,2,1472,3,4135,8998,0,2026-08-28,2026-08-28,Vacant Unrented Ready,3rd Floor; Balcony; Maple White; Angola Black,,https://bellwestford.securecafe.com/onlineleasing/bell-westford/oleapplication.aspx?stepname=RentalOptions&myOlePropertyId=1311869&FloorPlanID=3539944&UnitID=28085857&header=1
2026-09-28,2026-09-29T02:33:05+00:00,Breckenridge 2,breckenridge-2,3401,28085954,3539954,3,2,1503,,4443,9337,0,2025-08-15,2025-08-15,Vacant Unrented Ready,Pool View; Balcony; Ornamental,,https://bellwestford.securecafe.com/onlineleasing/bell-westford/oleapplication.aspx?stepname=RentalOptions&myOlePropertyId=1311869&FloorPlanID=3539954&UnitID=28085954&header=1
2026-09-28,2026-09-29T02:33:05+00:00,Townhome,townhome,0202,28085879,3539955,3,2,1921,,5055,10010,0,2026-08-11,2026-08-11,Vacant Unrented Ready,Townhouse; Shitake,,https://bellwestford.securecafe.com/onlineleasing/bell-westford/oleapplication.aspx?stepname=RentalOptions&myOlePropertyId=1311869&FloorPlanID=3539955&UnitID=28085879&header=1
2026-09-28,2026-09-29T02:33:05+00:00,Townhome,townhome,0203,28085880,3539955,3,2,1921,,4765,7756,0,2026-11-04,2026-11-04,Notice Unrented,Townhouse; Ornamental,,https://bellwestford.securecafe.com/onlineleasing/bell-westford/oleapplication.aspx?stepname=RentalOptions&myOlePropertyId=1311869&FloorPlanID=3539955&UnitID=28085880&header=1
2026-09-28,2026-09-29T02:33:05+00:00,Townhome,townhome,0602,28085885,3539955,3,2,1921,,5055,9032,0,2027-01-10,2027-01-10,Notice Unrented,Townhouse; Maple White,,https://bellwestford.securecafe.com/onlineleasing/bell-westford/oleapplication.aspx?stepname=RentalOptions&myOlePropertyId=1311869&FloorPlanID=3539955&UnitID=28085885&header=1
2026-09-29,2026-09-30T01:59:24+00:00,Denver 1,denver-1,2119,28085735,3539935,0,1,535,1,2400,3942,0,2026-10-25,2026-10-25,Notice Unrented,1st Floor; Premium View; Maple White; Private Yard; Bianco,,https://bellwestford.securecafe.com/onlineleasing/bell-westford/oleapplication.aspx?stepname=RentalOptions&myOlePropertyId=1311869&FloorPlanID=3539935&UnitID=28085735&header=1
2026-09-29,2026-09-30T01:59:24+00:00,Denver 2,denver-2,3302,28085934,3539945,0,1,535,,2275,4420,0,2026-08-03,2026-08-03,Vacant Unrented Ready,Balcony; Ornamental,,https://bellwestford.securecafe.com/onlineleasing/bell-westford/oleapplication.aspx?stepname=RentalOptions&myOlePropertyId=1311869&FloorPlanID=3539945&UnitID=28085934&header=1
2026-09-29,2026-09-30T01:59:24+00:00,Denver 2,denver-2,3319,28085950,3539945,0,1,535,,2425,4590,0,2026-06-11,2026-06-11,Vacant Unrented Not Ready,Pool View; Balcony; Ornamental,,https://bellwestford.securecafe.com/onlineleasing/bell-westford/oleapplication.aspx?stepname=RentalOptions&myOlePropertyId=1311869&FloorPlanID=3539945&UnitID=28085950&header=1
2026-09-29,2026-09-30T01:59:24+00:00,Evergreen 1,evergreen-1,1311,28085685,3539938,1,1,789,3,2550,4471,0,2026-10-01,2026-10-01,Vacant Unrented Not Ready,3rd Floor; Balcony; Pool View; Maple White,,https://bellwestford.securecafe.com/onlineleasing/bell-westford/oleapplication.aspx?stepname=RentalOptions&myOlePropertyId=1311869&FloorPlanID=3539938&UnitID=28085685&header=1
2026-09-29,2026-09-30T01:59:24+00:00,Evergreen 1,evergreen-1,3310,28085847,3539938,1,1,789,3,2495,4307,0,2026-10-07,2026-10-07,Vacant Unrented Not Ready,3rd Floor; Premium View; Balcony; Maple White; Angola Black,,https://bellwestford.securecafe.com/onlineleasing/bell-westford/oleapplication.aspx?stepname=RentalOptions&myOlePropertyId=1311869&FloorPlanID=3539938&UnitID=28085847&header=1
2026-09-29,2026-09-30T01:59:24+00:00,Evans 1,evans-1,1103,28085641,3539939,1,1,852,1,2548,4469,0,2026-07-16,2026-07-16,Vacant Unrented Ready,1st Floor; Pool View; Bianco G; Angola Black,,https://bellwestford.securecafe.com/onlineleasing/bell-westford/oleapplication.aspx?stepname=RentalOptions&myOlePropertyId=1311869&FloorPlanID=3539939&UnitID=28085641&header=1
2026-09-29,2026-09-30T01:59:24+00:00,Evans 2,evans-2,5111,28085984,3539949,1,1,852,,2555,4477,0,2026-07-02,2026-07-02,Vacant Unrented Ready,Ornamental,,https://bellwestford.securecafe.com/onlineleasing/bell-westford/oleapplication.aspx?stepname=RentalOptions&myOlePropertyId=1311869&FloorPlanID=3539949&UnitID=28085984&header=1
2026-09-29,2026-09-30T01:59:24+00:00,Erie 2,erie-2,3205,28085916,3539950,1,1,922,,2700,4641,0,2026-07-04,2026-07-04,Vacant Unrented Ready,Balcony; Pool View; Shitake,,https://bellwestford.securecafe.com/onlineleasing/bell-westford/oleapplication.aspx?stepname=RentalOptions&myOlePropertyId=1311869&FloorPlanID=3539950&UnitID=28085916&header=1
2026-09-29,2026-09-30T01:59:24+00:00,Erie 2,erie-2,5217,28086010,3539950,1,1,922,,2535,4260,0,2026-12-09,2026-12-09,Notice Unrented,Balcony; Maple White,,https://bellwestford.securecafe.com/onlineleasing/bell-westford/oleapplication.aspx?stepname=RentalOptions&myOlePropertyId=1311869&FloorPlanID=3539950&UnitID=28086010&header=1
2026-09-29,2026-09-30T01:59:24+00:00,Ames 1,ames-1,3420,28085876,3539941,2,2,1178,4,3056,5441,0,2026-07-02,2026-07-02,Vacant Unrented Ready,4th Floor; Balcony; Premium View; Maple White; Botticino,,https://bellwestford.securecafe.com/onlineleasing/bell-westford/oleapplication.aspx?stepname=RentalOptions&myOlePropertyId=1311869&FloorPlanID=3539941&UnitID=28085876&header=1
2026-09-29,2026-09-30T01:59:24+00:00,Ames 1,ames-1,3102,28085799,3539941,2,2,1188,1,3296,5705,0,2026-09-30,2026-09-30,Vacant Unrented Not Ready,1st Floor; Premium View; Balcony; Maple White; Private Yard; Angola Black,,https://bellwestford.securecafe.com/onlineleasing/bell-westford/oleapplication.aspx?stepname=RentalOptions&myOlePropertyId=1311869&FloorPlanID=3539941&UnitID=28085799&header=1
2026-09-29,2026-09-30T01:59:24+00:00,Ames 1,ames-1,1422,28085716,3539941,2,2,1192,4,3001,5381,0,2026-09-22,2026-09-22,Vacant Unrented Ready,4th Floor; Balcony; Premium View; Botticino; Bianco,,https://bellwestford.securecafe.com/onlineleasing/bell-westford/oleapplication.aspx?stepname=RentalOptions&myOlePropertyId=1311869&FloorPlanID=3539941&UnitID=28085716&header=1
2026-09-29,2026-09-30T01:59:24+00:00,Ames 1,ames-1,2420,28085796,3539941,2,2,1192,4,2951,5406,0,2026-10-10,2026-10-10,Notice Unrented,4th Floor; Balcony; Botticino; Maple White,,https://bellwestford.securecafe.com/onlineleasing/bell-westford/oleapplication.aspx?stepname=RentalOptions&myOlePropertyId=1311869&FloorPlanID=3539941&UnitID=28085796&header=1
2026-09-29,2026-09-30T01:59:24+00:00,Ames 2,ames-2,5302,28086017,3539951,2,2,1226,,3015,4986,0,2027-01-10,2027-01-10,Notice Unrented,Premium View; Balcony; Shitake,,https://bellwestford.securecafe.com/onlineleasing/bell-westford/oleapplication.aspx?stepname=RentalOptions&myOlePropertyId=1311869&FloorPlanID=3539951&UnitID=28086017&header=1
2026-09-29,2026-09-30T01:59:24+00:00,Ames 2,ames-2,5422,28086057,3539951,2,2,1227,,2965,5341,0,2026-08-07,2026-08-07,Vacant Unrented Ready,Balcony; Maple White,,https://bellwestford.securecafe.com/onlineleasing/bell-westford/oleapplication.aspx?stepname=RentalOptions&myOlePropertyId=1311869&FloorPlanID=3539951&UnitID=28086057&header=1
2026-09-29,2026-09-30T01:59:24+00:00,Aspen 2,aspen-2,3218,28085928,3539952,2,2,1233,,3055,5440,0,2026-06-22,2026-06-22,Vacant Unrented Ready,Balcony; Maple White,,https://bellwestford.securecafe.com/onlineleasing/bell-westford/oleapplication.aspx?stepname=RentalOptions&myOlePropertyId=1311869&FloorPlanID=3539952&UnitID=28085928&header=1
2026-09-29,2026-09-30T01:59:24+00:00,Aspen 1,aspen-1,2118,28085734,3539942,2,2,1234,1,3010,5390,0,2026-09-28,2026-09-28,Vacant Unrented Ready,1st Floor; Bianco G; Angola Black,,https://bellwestford.securecafe.com/onlineleasing/bell-westford/oleapplication.aspx?stepname=RentalOptions&myOlePropertyId=1311869&FloorPlanID=3539942&UnitID=28085734&header=1
2026-09-29,2026-09-30T01:59:24+00:00,Aspen 1,aspen-1,2313,28085769,3539942,2,2,1234,3,3140,5617,0,2026-10-10,2026-10-10,Notice Unrented,3rd Floor; Premium View; Balcony; Bianco G; Angola Black,,https://bellwestford.securecafe.com/onlineleasing/bell-westford/oleapplication.aspx?stepname=RentalOptions&myOlePropertyId=1311869&FloorPlanID=3539942&UnitID=28085769&header=1
2026-09-29,2026-09-30T01:59:24+00:00,Avon 2,avon-2,5201,28085995,3539953,2,2,1291,,3035,5418,0,2026-09-29,2026-09-29,Vacant Unrented Not Ready,Ornamental,,https://bellwestford.securecafe.com/onlineleasing/bell-westford/oleapplication.aspx?stepname=RentalOptions&myOlePropertyId=1311869&FloorPlanID=3539953&UnitID=28085995&header=1
2026-09-29,2026-09-30T01:59:24+00:00,Avon 1,avon-1,3114,28085811,3539943,2,2,1304,1,3349,5763,0,2026-08-28,2026-08-28,Vacant Unrented Ready,1st Floor; Balcony; Maple White; Private Yard; Botticino,,https://bellwestford.securecafe.com/onlineleasing/bell-westford/oleapplication.aspx?stepname=RentalOptions&myOlePropertyId=1311869&FloorPlanID=3539943&UnitID=28085811&header=1
2026-09-29,2026-09-30T01:59:24+00:00,Breckenridge 1,breckenridge-1,1101,28085639,3539944,3,2,1472,1,4195,9064,0,2026-09-29,2026-09-29,Vacant Unrented Not Ready,1st Floor; Balcony; Pool View; Maple White; Bianco,,https://bellwestford.securecafe.com/onlineleasing/bell-westford/oleapplication.aspx?stepname=RentalOptions&myOlePropertyId=1311869&FloorPlanID=3539944&UnitID=28085639&header=1
2026-09-29,2026-09-30T01:59:24+00:00,Breckenridge 1,breckenridge-1,2101,28085718,3539944,3,2,1472,1,4395,9284,0,2026-09-18,2026-09-18,Vacant Unrented Ready,1st Floor; Premium View; Balcony; Bianco G; Private Yard; Botticino,,https://bellwestford.securecafe.com/onlineleasing/bell-westford/oleapplication.aspx?stepname=RentalOptions&myOlePropertyId=1311869&FloorPlanID=3539944&UnitID=28085718&header=1
2026-09-29,2026-09-30T01:59:24+00:00,Breckenridge 1,breckenridge-1,3321,28085857,3539944,3,2,1472,3,4135,8998,0,2026-08-28,2026-08-28,Vacant Unrented Ready,3rd Floor; Balcony; Maple White; Angola Black,,https://bellwestford.securecafe.com/onlineleasing/bell-westford/oleapplication.aspx?stepname=RentalOptions&myOlePropertyId=1311869&FloorPlanID=3539944&UnitID=28085857&header=1
2026-09-29,2026-09-30T01:59:24+00:00,Breckenridge 2,breckenridge-2,3401,28085954,3539954,3,2,1503,,4443,9337,0,2025-08-15,2025-08-15,Vacant Unrented Ready,Pool View; Balcony; Ornamental,,https://bellwestford.securecafe.com/onlineleasing/bell-westford/oleapplication.aspx?stepname=RentalOptions&myOlePropertyId=1311869&FloorPlanID=3539954&UnitID=28085954&header=1
2026-09-29,2026-09-30T01:59:24+00:00,Townhome,townhome,0202,28085879,3539955,3,2,1921,,5055,10010,0,2026-08-11,2026-08-11,Vacant Unrented Ready,Townhouse; Shitake,,https://bellwestford.securecafe.com/onlineleasing/bell-westford/oleapplication.aspx?stepname=RentalOptions&myOlePropertyId=1311869&FloorPlanID=3539955&UnitID=28085879&header=1
2026-09-29,2026-09-30T01:59:24+00:00,Townhome,townhome,0203,28085880,3539955,3,2,1921,,4765,7756,0,2026-11-04,2026-11-04,Notice Unrented,Townhouse; Ornamental,,https://bellwestford.securecafe.com/onlineleasing/bell-westford/oleapplication.aspx?stepname=RentalOptions&myOlePropertyId=1311869&FloorPlanID=3539955&UnitID=28085880&header=1
2026-09-29,2026-09-30T01:59:24+00:00,Townhome,townhome,0602,28085885,3539955,3,2,1921,,5055,9032,0,2027-01-10,2027-01-10,Notice Unrented,Townhouse; Maple White,,https://bellwestford.securecafe.com/onlineleasing/bell-westford/oleapplication.aspx?stepname=RentalOptions&myOlePropertyId=1311869&FloorPlanID=3539955&UnitID=28085885&header=1
2026-09-30,2026-10-01T02:00:10+00:00,Denver 1,denver-1,2119,28085735,3539935,0,1,535,1,2400,3937,0,2026-10-25,2026-10-25,Notice Unrented,1st Floor; Premium View; Maple White; Private Yard; Bianco,,https://bellwestford.securecafe.com/onlineleasing/bell-westford/oleapplication.aspx?stepname=RentalOptions&myOlePropertyId=1311869&FloorPlanID=3539935&UnitID=28085735&header=1
2026-09-30,2026-10-01T02:00:10+00:00,Denver 2,denver-2,3302,28085934,3539945,0,1,535,,2275,4420,0,2026-08-03,2026-08-03,Vacant Unrented Ready,Balcony; Ornamental,,https://bellwestford.securecafe.com/onlineleasing/bell-westford/oleapplication.aspx?stepname=RentalOptions&myOlePropertyId=1311869&FloorPlanID=3539945&UnitID=28085934&header=1
2026-09-30,2026-10-01T02:00:10+00:00,Denver 2,denver-2,3319,28085950,3539945,0,1,535,,2425,4590,0,2026-06-11,2026-06-11,Vacant Unrented Not Ready,Pool View; Balcony; Ornamental,,https://bellwestford.securecafe.com/onlineleasing/bell-westford/oleapplication.aspx?stepname=RentalOptions&myOlePropertyId=1311869&FloorPlanID=3539945&UnitID=28085950&header=1
2026-09-30,2026-10-01T02:00:10+00:00,Evergreen 1,evergreen-1,1311,28085685,3539938,1,1,789,3,2520,4471,0,2026-10-01,2026-10-01,Vacant Unrented Not Ready,3rd Floor; Balcony; Pool View; Maple White,,https://bellwestford.securecafe.com/onlineleasing/bell-westford/oleapplication.aspx?stepname=RentalOptions&myOlePropertyId=1311869&FloorPlanID=3539938&UnitID=28085685&header=1
2026-09-30,2026-10-01T02:00:10+00:00,Evergreen 1,evergreen-1,1312,28085686,3539938,1,1,789,3,2430,3885,0,2026-12-01,2026-12-01,Notice Unrented,3rd Floor; Balcony; Bianco G; Maple White,,https://bellwestford.securecafe.com/onlineleasing/bell-westford/oleapplication.aspx?stepname=RentalOptions&myOlePropertyId=1311869&FloorPlanID=3539938&UnitID=28085686&header=1
2026-09-30,2026-10-01T02:00:10+00:00,Evergreen 1,evergreen-1,3310,28085847,3539938,1,1,789,3,2465,4307,0,2026-10-07,2026-10-07,Vacant Unrented Not Ready,3rd Floor; Premium View; Balcony; Maple White; Angola Black,,https://bellwestford.securecafe.com/onlineleasing/bell-westford/oleapplication.aspx?stepname=RentalOptions&myOlePropertyId=1311869&FloorPlanID=3539938&UnitID=28085847&header=1
2026-09-30,2026-10-01T02:00:10+00:00,Evans 1,evans-1,1103,28085641,3539939,1,1,852,1,2518,4469,0,2026-07-16,2026-07-16,Vacant Unrented Ready,1st Floor; Pool View; Bianco G; Angola Black,,https://bellwestford.securecafe.com/onlineleasing/bell-westford/oleapplication.aspx?stepname=RentalOptions&myOlePropertyId=1311869&FloorPlanID=3539939&UnitID=28085641&header=1
2026-09-30,2026-10-01T02:00:10+00:00,Evans 2,evans-2,5111,28085984,3539949,1,1,852,,2525,4477,0,2026-07-02,2026-07-02,Vacant Unrented Ready,Ornamental,,https://bellwestford.securecafe.com/onlineleasing/bell-westford/oleapplication.aspx?stepname=RentalOptions&myOlePropertyId=1311869&FloorPlanID=3539949&UnitID=28085984&header=1
2026-09-30,2026-10-01T02:00:10+00:00,Erie 2,erie-2,3205,28085916,3539950,1,1,922,,2670,4641,0,2026-07-04,2026-07-04,Vacant Unrented Ready,Balcony; Pool View; Shitake,,https://bellwestford.securecafe.com/onlineleasing/bell-westford/oleapplication.aspx?stepname=RentalOptions&myOlePropertyId=1311869&FloorPlanID=3539950&UnitID=28085916&header=1
2026-09-30,2026-10-01T02:00:10+00:00,Erie 2,erie-2,5217,28086010,3539950,1,1,922,,2510,4260,0,2026-12-09,2026-12-09,Notice Unrented,Balcony; Maple White,,https://bellwestford.securecafe.com/onlineleasing/bell-westford/oleapplication.aspx?stepname=RentalOptions&myOlePropertyId=1311869&FloorPlanID=3539950&UnitID=28086010&header=1
2026-09-30,2026-10-01T02:00:10+00:00,Ames 1,ames-1,3420,28085876,3539941,2,2,1178,4,3041,5425,0,2026-07-02,2026-07-02,Vacant Unrented Ready,4th Floor; Balcony; Premium View; Maple White; Botticino,,https://bellwestford.securecafe.com/onlineleasing/bell-westford/oleapplication.aspx?stepname=RentalOptions&myOlePropertyId=1311869&FloorPlanID=3539941&UnitID=28085876&header=1
2026-09-30,2026-10-01T02:00:10+00:00,Ames 1,ames-1,3102,28085799,3539941,2,2,1188,1,3281,5689,0,2026-09-30,2026-09-30,Vacant Unrented Not Ready,1st Floor; Premium View; Balcony; Maple White; Private Yard; Angola Black,,https://bellwestford.securecafe.com/onlineleasing/bell-westford/oleapplication.aspx?stepname=RentalOptions&myOlePropertyId=1311869&FloorPlanID=3539941&UnitID=28085799&header=1
2026-09-30,2026-10-01T02:00:10+00:00,Ames 1,ames-1,1422,28085716,3539941,2,2,1192,4,2986,5364,0,2026-09-22,2026-09-22,Vacant Unrented Ready,4th Floor; Balcony; Premium View; Botticino; Bianco,,https://bellwestford.securecafe.com/onlineleasing/bell-westford/oleapplication.aspx?stepname=RentalOptions&myOlePropertyId=1311869&FloorPlanID=3539941&UnitID=28085716&header=1
2026-09-30,2026-10-01T02:00:10+00:00,Ames 1,ames-1,2420,28085796,3539941,2,2,1192,4,2936,5389,0,2026-10-10,2026-10-10,Vacant Unrented Not Ready,4th Floor; Balcony; Botticino; Maple White,,https://bellwestford.securecafe.com/onlineleasing/bell-westford/oleapplication.aspx?stepname=RentalOptions&myOlePropertyId=1311869&FloorPlanID=3539941&UnitID=28085796&header=1
2026-09-30,2026-10-01T02:00:10+00:00,Ames 2,ames-2,5302,28086017,3539951,2,2,1226,,3100,4975,0,2027-01-10,2027-01-10,Notice Unrented,Premium View; Balcony; Shitake,,https://bellwestford.securecafe.com/onlineleasing/bell-westford/oleapplication.aspx?stepname=RentalOptions&myOlePropertyId=1311869&FloorPlanID=3539951&UnitID=28086017&header=1
2026-09-30,2026-10-01T02:00:10+00:00,Ames 2,ames-2,5422,28086057,3539951,2,2,1227,,2950,5324,0,2026-08-07,2026-08-07,Vacant Unrented Ready,Balcony; Maple White,,https://bellwestford.securecafe.com/onlineleasing/bell-westford/oleapplication.aspx?stepname=RentalOptions&myOlePropertyId=1311869&FloorPlanID=3539951&UnitID=28086057&header=1
2026-09-30,2026-10-01T02:00:10+00:00,Aspen 2,aspen-2,3218,28085928,3539952,2,2,1233,,3040,5423,0,2026-06-22,2026-06-22,Vacant Unrented Ready,Balcony; Maple White,,https://bellwestford.securecafe.com/onlineleasing/bell-westford/oleapplication.aspx?stepname=RentalOptions&myOlePropertyId=1311869&FloorPlanID=3539952&UnitID=28085928&header=1
2026-09-30,2026-10-01T02:00:10+00:00,Aspen 1,aspen-1,2118,28085734,3539942,2,2,1234,1,2995,5374,0,2026-09-28,2026-09-28,Vacant Unrented Ready,1st Floor; Bianco G; Angola Black,,https://bellwestford.securecafe.com/onlineleasing/bell-westford/oleapplication.aspx?stepname=RentalOptions&myOlePropertyId=1311869&FloorPlanID=3539942&UnitID=28085734&header=1
2026-09-30,2026-10-01T02:00:10+00:00,Aspen 1,aspen-1,2313,28085769,3539942,2,2,1234,3,3125,5600,0,2026-10-10,2026-10-10,Vacant Unrented Not Ready,3rd Floor; Premium View; Balcony; Bianco G; Angola Black,,https://bellwestford.securecafe.com/onlineleasing/bell-westford/oleapplication.aspx?stepname=RentalOptions&myOlePropertyId=1311869&FloorPlanID=3539942&UnitID=28085769&header=1
2026-09-30,2026-10-01T02:00:10+00:00,Avon 2,avon-2,5201,28085995,3539953,2,2,1291,,3020,5401,0,2026-09-29,2026-09-29,Vacant Unrented Not Ready,Ornamental,,https://bellwestford.securecafe.com/onlineleasing/bell-westford/oleapplication.aspx?stepname=RentalOptions&myOlePropertyId=1311869&FloorPlanID=3539953&UnitID=28085995&header=1
2026-09-30,2026-10-01T02:00:10+00:00,Avon 1,avon-1,3114,28085811,3539943,2,2,1304,1,3334,5747,0,2026-08-28,2026-08-28,Vacant Unrented Ready,1st Floor; Balcony; Maple White; Private Yard; Botticino,,https://bellwestford.securecafe.com/onlineleasing/bell-westford/oleapplication.aspx?stepname=RentalOptions&myOlePropertyId=1311869&FloorPlanID=3539943&UnitID=28085811&header=1
2026-09-30,2026-10-01T02:00:10+00:00,Breckenridge 1,breckenridge-1,1101,28085639,3539944,3,2,1472,1,4195,9064,0,2026-09-29,2026-09-29,Vacant Unrented Not Ready,1st Floor; Balcony; Pool View; Maple White; Bianco,,https://bellwestford.securecafe.com/onlineleasing/bell-westford/oleapplication.aspx?stepname=RentalOptions&myOlePropertyId=1311869&FloorPlanID=3539944&UnitID=28085639&header=1
2026-09-30,2026-10-01T02:00:10+00:00,Breckenridge 1,breckenridge-1,2101,28085718,3539944,3,2,1472,1,4395,9284,0,2026-09-18,2026-09-18,Vacant Unrented Ready,1st Floor; Premium View; Balcony; Bianco G; Private Yard; Botticino,,https://bellwestford.securecafe.com/onlineleasing/bell-westford/oleapplication.aspx?stepname=RentalOptions&myOlePropertyId=1311869&FloorPlanID=3539944&UnitID=28085718&header=1
2026-09-30,2026-10-01T02:00:10+00:00,Breckenridge 1,breckenridge-1,3101,28085798,3539944,3,2,1472,1,4470,6635,0,2026-12-10,2026-12-10,Notice Unrented,1st Floor; Balcony; Botticino; Private Yard,,https://bellwestford.securecafe.com/onlineleasing/bell-westford/oleapplication.aspx?stepname=RentalOptions&myOlePropertyId=1311869&FloorPlanID=3539944&UnitID=28085798&header=1
2026-09-30,2026-10-01T02:00:10+00:00,Breckenridge 1,breckenridge-1,3321,28085857,3539944,3,2,1472,3,4135,8998,0,2026-08-28,2026-08-28,Vacant Unrented Ready,3rd Floor; Balcony; Maple White; Angola Black,,https://bellwestford.securecafe.com/onlineleasing/bell-westford/oleapplication.aspx?stepname=RentalOptions&myOlePropertyId=1311869&FloorPlanID=3539944&UnitID=28085857&header=1
2026-09-30,2026-10-01T02:00:10+00:00,Breckenridge 2,breckenridge-2,3401,28085954,3539954,3,2,1503,,4443,9337,0,2025-08-15,2025-08-15,Vacant Unrented Ready,Pool View; Balcony; Ornamental,,https://bellwestford.securecafe.com/onlineleasing/bell-westford/oleapplication.aspx?stepname=RentalOptions&myOlePropertyId=1311869&FloorPlanID=3539954&UnitID=28085954&header=1
2026-09-30,2026-10-01T02:00:10+00:00,Townhome,townhome,0202,28085879,3539955,3,2,1921,,5055,10010,0,2026-08-11,2026-08-11,Vacant Unrented Ready,Townhouse; Shitake,,https://bellwestford.securecafe.com/onlineleasing/bell-westford/oleapplication.aspx?stepname=RentalOptions&myOlePropertyId=1311869&FloorPlanID=3539955&UnitID=28085879&header=1
2026-09-30,2026-10-01T02:00:10+00:00,Townhome,townhome,0203,28085880,3539955,3,2,1921,,4765,7756,0,2026-11-04,2026-11-04,Notice Unrented,Townhouse; Ornamental,,https://bellwestford.securecafe.com/onlineleasing/bell-westford/oleapplication.aspx?stepname=RentalOptions&myOlePropertyId=1311869&FloorPlanID=3539955&UnitID=28085880&header=1
2026-09-30,2026-10-01T02:00:10+00:00,Townhome,townhome,0602,28085885,3539955,3,2,1921,,5055,9032,0,2027-01-10,2027-01-10,Notice Unrented,Townhouse; Maple White,,https://bellwestford.securecafe.com/onlineleasing/bell-westford/oleapplication.aspx?stepname=RentalOptions&myOlePropertyId=1311869&FloorPlanID=3539955&UnitID=28085885&header=1
2026-10-01,2026-10-02T02:07:12+00:00,Denver 1,denver-1,2119,28085735,3539935,0,1,535,1,2395,3937,0,2026-10-25,2026-10-25,Notice Unrented,1st Floor; Premium View; Maple White; Private Yard; Bianco,,https://bellwestford.securecafe.com/onlineleasing/bell-westford/oleapplication.aspx?stepname=RentalOptions&myOlePropertyId=1311869&FloorPlanID=3539935&UnitID=28085735&header=1
2026-10-01,2026-10-02T02:07:12+00:00,Denver 2,denver-2,3302,28085934,3539945,0,1,535,,2275,4420,0,2026-08-03,2026-08-03,Vacant Unrented Ready,Balcony; Ornamental,,https://bellwestford.securecafe.com/onlineleasing/bell-westford/oleapplication.aspx?stepname=RentalOptions&myOlePropertyId=1311869&FloorPlanID=3539945&UnitID=28085934&header=1
2026-10-01,2026-10-02T02:07:12+00:00,Denver 2,denver-2,3319,28085950,3539945,0,1,535,,2425,4590,0,2026-06-11,2026-06-11,Vacant Unrented Not Ready,Pool View; Balcony; Ornamental,,https://bellwestford.securecafe.com/onlineleasing/bell-westford/oleapplication.aspx?stepname=RentalOptions&myOlePropertyId=1311869&FloorPlanID=3539945&UnitID=28085950&header=1
2026-10-01,2026-10-02T02:07:12+00:00,Evergreen 1,evergreen-1,1311,28085685,3539938,1,1,789,3,2490,4364,0,2026-10-01,2026-10-01,Vacant Unrented Not Ready,3rd Floor; Balcony; Pool View; Maple White,,https://bellwestford.securecafe.com/onlineleasing/bell-westford/oleapplication.aspx?stepname=RentalOptions&myOlePropertyId=1311869&FloorPlanID=3539938&UnitID=28085685&header=1
2026-10-01,2026-10-02T02:07:12+00:00,Evergreen 1,evergreen-1,1312,28085686,3539938,1,1,789,3,2405,4171,0,2026-12-01,2026-12-01,Notice Unrented,3rd Floor; Balcony; Bianco G; Maple White,,https://bellwestford.securecafe.com/onlineleasing/bell-westford/oleapplication.aspx?stepname=RentalOptions&myOlePropertyId=1311869&FloorPlanID=3539938&UnitID=28085686&header=1
2026-10-01,2026-10-02T02:07:12+00:00,Evergreen 1,evergreen-1,3310,28085847,3539938,1,1,789,3,2440,4307,0,2026-10-07,2026-10-07,Vacant Unrented Not Ready,3rd Floor; Premium View; Balcony; Maple White; Angola Black,,https://bellwestford.securecafe.com/onlineleasing/bell-westford/oleapplication.aspx?stepname=RentalOptions&myOlePropertyId=1311869&FloorPlanID=3539938&UnitID=28085847&header=1
2026-10-01,2026-10-02T02:07:12+00:00,Evans 1,evans-1,1103,28085641,3539939,1,1,852,1,2488,4361,0,2026-07-16,2026-07-16,Vacant Unrented Ready,1st Floor; Pool View; Bianco G; Angola Black,,https://bellwestford.securecafe.com/onlineleasing/bell-westford/oleapplication.aspx?stepname=RentalOptions&myOlePropertyId=1311869&FloorPlanID=3539939&UnitID=28085641&header=1
2026-10-01,2026-10-02T02:07:12+00:00,Evans 2,evans-2,5111,28085984,3539949,1,1,852,,2495,4369,0,2026-07-02,2026-07-02,Vacant Unrented Ready,Ornamental,,https://bellwestford.securecafe.com/onlineleasing/bell-westford/oleapplication.aspx?stepname=RentalOptions&myOlePropertyId=1311869&FloorPlanID=3539949&UnitID=28085984&header=1
2026-10-01,2026-10-02T02:07:12+00:00,Erie 2,erie-2,3205,28085916,3539950,1,1,922,,2640,4534,0,2026-07-04,2026-07-04,Vacant Unrented Ready,Balcony; Pool View; Shitake,,https://bellwestford.securecafe.com/onlineleasing/bell-westford/oleapplication.aspx?stepname=RentalOptions&myOlePropertyId=1311869&FloorPlanID=3539950&UnitID=28085916&header=1
2026-10-01,2026-10-02T02:07:12+00:00,Erie 2,erie-2,5217,28086010,3539950,1,1,922,,2485,4260,0,2026-12-09,2026-12-09,Notice Unrented,Balcony; Maple White,,https://bellwestford.securecafe.com/onlineleasing/bell-westford/oleapplication.aspx?stepname=RentalOptions&myOlePropertyId=1311869&FloorPlanID=3539950&UnitID=28086010&header=1
2026-10-01,2026-10-02T02:07:12+00:00,Ames 1,ames-1,3420,28085876,3539941,2,2,1178,4,3041,5589,0,2026-07-02,2026-07-02,Vacant Unrented Ready,4th Floor; Balcony; Premium View; Maple White; Botticino,,https://bellwestford.securecafe.com/onlineleasing/bell-westford/oleapplication.aspx?stepname=RentalOptions&myOlePropertyId=1311869&FloorPlanID=3539941&UnitID=28085876&header=1
2026-10-01,2026-10-02T02:07:12+00:00,Ames 1,ames-1,3102,28085799,3539941,2,2,1188,1,3281,5861,0,2026-09-30,2026-09-30,Vacant Unrented Not Ready,1st Floor; Premium View; Balcony; Maple White; Private Yard; Angola Black,,https://bellwestford.securecafe.com/onlineleasing/bell-westford/oleapplication.aspx?stepname=RentalOptions&myOlePropertyId=1311869&FloorPlanID=3539941&UnitID=28085799&header=1
2026-10-01,2026-10-02T02:07:12+00:00,Ames 1,ames-1,1422,28085716,3539941,2,2,1192,4,2986,5527,0,2026-09-22,2026-09-22,Vacant Unrented Ready,4th Floor; Balcony; Premium View; Botticino; Bianco,,https://bellwestford.securecafe.com/onlineleasing/bell-westford/oleapplication.aspx?stepname=RentalOptions&myOlePropertyId=1311869&FloorPlanID=3539941&UnitID=28085716&header=1
2026-10-01,2026-10-02T02:07:12+00:00,Ames 1,ames-1,2420,28085796,3539941,2,2,1192,4,2936,5470,0,2026-10-10,2026-10-10,Vacant Unrented Not Ready,4th Floor; Balcony; Botticino; Maple White,,https://bellwestford.securecafe.com/onlineleasing/bell-westford/oleapplication.aspx?stepname=RentalOptions&myOlePropertyId=1311869&FloorPlanID=3539941&UnitID=28085796&header=1
2026-10-01,2026-10-02T02:07:12+00:00,Ames 2,ames-2,5302,28086017,3539951,2,2,1226,,3085,4975,0,2027-01-10,2027-01-10,Notice Unrented,Premium View; Balcony; Shitake,,https://bellwestford.securecafe.com/onlineleasing/bell-westford/oleapplication.aspx?stepname=RentalOptions&myOlePropertyId=1311869&FloorPlanID=3539951&UnitID=28086017&header=1
2026-10-01,2026-10-02T02:07:12+00:00,Ames 2,ames-2,5422,28086057,3539951,2,2,1227,,2950,5486,0,2026-08-07,2026-08-07,Vacant Unrented Ready,Balcony; Maple White,,https://bellwestford.securecafe.com/onlineleasing/bell-westford/oleapplication.aspx?stepname=RentalOptions&myOlePropertyId=1311869&FloorPlanID=3539951&UnitID=28086057&header=1
2026-10-01,2026-10-02T02:07:12+00:00,Aspen 2,aspen-2,3218,28085928,3539952,2,2,1233,,3040,5588,0,2026-06-22,2026-06-22,Vacant Unrented Ready,Balcony; Maple White,,https://bellwestford.securecafe.com/onlineleasing/bell-westford/oleapplication.aspx?stepname=RentalOptions&myOlePropertyId=1311869&FloorPlanID=3539952&UnitID=28085928&header=1
2026-10-01,2026-10-02T02:07:12+00:00,Aspen 1,aspen-1,2118,28085734,3539942,2,2,1234,1,2995,5537,0,2026-09-28,2026-09-28,Vacant Unrented Ready,1st Floor; Bianco G; Angola Black,,https://bellwestford.securecafe.com/onlineleasing/bell-westford/oleapplication.aspx?stepname=RentalOptions&myOlePropertyId=1311869&FloorPlanID=3539942&UnitID=28085734&header=1
2026-10-01,2026-10-02T02:07:12+00:00,Avon 2,avon-2,5201,28085995,3539953,2,2,1291,,3020,5565,0,2026-09-29,2026-09-29,Vacant Unrented Not Ready,Ornamental,,https://bellwestford.securecafe.com/onlineleasing/bell-westford/oleapplication.aspx?stepname=RentalOptions&myOlePropertyId=1311869&FloorPlanID=3539953&UnitID=28085995&header=1
2026-10-01,2026-10-02T02:07:12+00:00,Avon 1,avon-1,3114,28085811,3539943,2,2,1304,1,3334,5921,0,2026-08-28,2026-08-28,Vacant Unrented Ready,1st Floor; Balcony; Maple White; Private Yard; Botticino,,https://bellwestford.securecafe.com/onlineleasing/bell-westford/oleapplication.aspx?stepname=RentalOptions&myOlePropertyId=1311869&FloorPlanID=3539943&UnitID=28085811&header=1
2026-10-01,2026-10-02T02:07:12+00:00,Breckenridge 1,breckenridge-1,1101,28085639,3539944,3,2,1472,1,4195,9328,0,2026-09-29,2026-09-29,Vacant Unrented Not Ready,1st Floor; Balcony; Pool View; Maple White; Bianco,,https://bellwestford.securecafe.com/onlineleasing/bell-westford/oleapplication.aspx?stepname=RentalOptions&myOlePropertyId=1311869&FloorPlanID=3539944&UnitID=28085639&header=1
2026-10-01,2026-10-02T02:07:12+00:00,Breckenridge 1,breckenridge-1,2101,28085718,3539944,3,2,1472,1,4395,9554,0,2026-09-18,2026-09-18,Vacant Unrented Ready,1st Floor; Premium View; Balcony; Bianco G; Private Yard; Botticino,,https://bellwestford.securecafe.com/onlineleasing/bell-westford/oleapplication.aspx?stepname=RentalOptions&myOlePropertyId=1311869&FloorPlanID=3539944&UnitID=28085718&header=1
2026-10-01,2026-10-02T02:07:12+00:00,Breckenridge 1,breckenridge-1,3101,28085798,3539944,3,2,1472,1,4470,7409,0,2026-12-10,2026-12-10,Notice Unrented,1st Floor; Balcony; Botticino; Private Yard,,https://bellwestford.securecafe.com/onlineleasing/bell-westford/oleapplication.aspx?stepname=RentalOptions&myOlePropertyId=1311869&FloorPlanID=3539944&UnitID=28085798&header=1
2026-10-01,2026-10-02T02:07:12+00:00,Breckenridge 1,breckenridge-1,3321,28085857,3539944,3,2,1472,3,4135,9260,0,2026-08-28,2026-08-28,Vacant Unrented Ready,3rd Floor; Balcony; Maple White; Angola Black,,https://bellwestford.securecafe.com/onlineleasing/bell-westford/oleapplication.aspx?stepname=RentalOptions&myOlePropertyId=1311869&FloorPlanID=3539944&UnitID=28085857&header=1
2026-10-01,2026-10-02T02:07:12+00:00,Breckenridge 2,breckenridge-2,3401,28085954,3539954,3,2,1503,,4443,9609,0,2025-08-15,2025-08-15,Vacant Unrented Ready,Pool View; Balcony; Ornamental,,https://bellwestford.securecafe.com/onlineleasing/bell-westford/oleapplication.aspx?stepname=RentalOptions&myOlePropertyId=1311869&FloorPlanID=3539954&UnitID=28085954&header=1
2026-10-01,2026-10-02T02:07:12+00:00,Townhome,townhome,0202,28085879,3539955,3,2,1921,,5055,10302,0,2026-08-11,2026-08-11,Vacant Unrented Ready,Townhouse; Shitake,,https://bellwestford.securecafe.com/onlineleasing/bell-westford/oleapplication.aspx?stepname=RentalOptions&myOlePropertyId=1311869&FloorPlanID=3539955&UnitID=28085879&header=1
2026-10-01,2026-10-02T02:07:12+00:00,Townhome,townhome,0203,28085880,3539955,3,2,1921,,4765,7756,0,2026-11-04,2026-11-04,Notice Unrented,Townhouse; Ornamental,,https://bellwestford.securecafe.com/onlineleasing/bell-westford/oleapplication.aspx?stepname=RentalOptions&myOlePropertyId=1311869&FloorPlanID=3539955&UnitID=28085880&header=1
2026-10-01,2026-10-02T02:07:12+00:00,Townhome,townhome,0602,28085885,3539955,3,2,1921,,5055,9032,0,2027-01-10,2027-01-10,Notice Unrented,Townhouse; Maple White,,https://bellwestford.securecafe.com/onlineleasing/bell-westford/oleapplication.aspx?stepname=RentalOptions&myOlePropertyId=1311869&FloorPlanID=3539955&UnitID=28085885&header=1
2026-10-02,2026-10-03T01:51:39+00:00,Denver 1,denver-1,2119,28085735,3539935,0,1,535,1,2395,3937,0,2026-10-25,2026-10-25,Notice Unrented,1st Floor; Premium View; Maple White; Private Yard; Bianco,,https://bellwestford.securecafe.com/onlineleasing/bell-westford/oleapplication.aspx?stepname=RentalOptions&myOlePropertyId=1311869&FloorPlanID=3539935&UnitID=28085735&header=1
2026-10-02,2026-10-03T01:51:39+00:00,Denver 2,denver-2,3302,28085934,3539945,0,1,535,,2275,3899,0,2026-08-03,2026-08-03,Vacant Unrented Ready,Balcony; Ornamental,,https://bellwestford.securecafe.com/onlineleasing/bell-westford/oleapplication.aspx?stepname=RentalOptions&myOlePropertyId=1311869&FloorPlanID=3539945&UnitID=28085934&header=1
2026-10-02,2026-10-03T01:51:39+00:00,Denver 2,denver-2,3319,28085950,3539945,0,1,535,,2425,4069,0,2026-06-11,2026-06-11,Vacant Unrented Not Ready,Pool View; Balcony; Ornamental,,https://bellwestford.securecafe.com/onlineleasing/bell-westford/oleapplication.aspx?stepname=RentalOptions&myOlePropertyId=1311869&FloorPlanID=3539945&UnitID=28085950&header=1
2026-10-02,2026-10-03T01:51:39+00:00,Evergreen 1,evergreen-1,1311,28085685,3539938,1,1,789,3,2510,4364,0,2026-10-01,2026-10-01,Vacant Unrented Not Ready,3rd Floor; Balcony; Pool View; Maple White,,https://bellwestford.securecafe.com/onlineleasing/bell-westford/oleapplication.aspx?stepname=RentalOptions&myOlePropertyId=1311869&FloorPlanID=3539938&UnitID=28085685&header=1
2026-10-02,2026-10-03T01:51:39+00:00,Evergreen 1,evergreen-1,1312,28085686,3539938,1,1,789,3,2425,4171,0,2026-12-01,2026-12-01,Notice Unrented,3rd Floor; Balcony; Bianco G; Maple White,,https://bellwestford.securecafe.com/onlineleasing/bell-westford/oleapplication.aspx?stepname=RentalOptions&myOlePropertyId=1311869&FloorPlanID=3539938&UnitID=28085686&header=1
2026-10-02,2026-10-03T01:51:39+00:00,Evergreen 1,evergreen-1,3310,28085847,3539938,1,1,789,3,2460,4307,0,2026-10-07,2026-10-07,Vacant Unrented Not Ready,3rd Floor; Premium View; Balcony; Maple White; Angola Black,,https://bellwestford.securecafe.com/onlineleasing/bell-westford/oleapplication.aspx?stepname=RentalOptions&myOlePropertyId=1311869&FloorPlanID=3539938&UnitID=28085847&header=1
2026-10-02,2026-10-03T01:51:39+00:00,Evans 1,evans-1,1103,28085641,3539939,1,1,852,1,2508,4361,0,2026-07-16,2026-07-16,Vacant Unrented Ready,1st Floor; Pool View; Bianco G; Angola Black,,https://bellwestford.securecafe.com/onlineleasing/bell-westford/oleapplication.aspx?stepname=RentalOptions&myOlePropertyId=1311869&FloorPlanID=3539939&UnitID=28085641&header=1
2026-10-02,2026-10-03T01:51:39+00:00,Evans 2,evans-2,5111,28085984,3539949,1,1,852,,2515,4369,0,2026-07-02,2026-07-02,Vacant Unrented Ready,Ornamental,,https://bellwestford.securecafe.com/onlineleasing/bell-westford/oleapplication.aspx?stepname=RentalOptions&myOlePropertyId=1311869&FloorPlanID=3539949&UnitID=28085984&header=1
2026-10-02,2026-10-03T01:51:39+00:00,Erie 2,erie-2,3205,28085916,3539950,1,1,922,,2660,4534,0,2026-07-04,2026-07-04,Vacant Unrented Ready,Balcony; Pool View; Shitake,,https://bellwestford.securecafe.com/onlineleasing/bell-westford/oleapplication.aspx?stepname=RentalOptions&myOlePropertyId=1311869&FloorPlanID=3539950&UnitID=28085916&header=1
2026-10-02,2026-10-03T01:51:39+00:00,Erie 2,erie-2,5217,28086010,3539950,1,1,922,,2505,4260,0,2026-12-09,2026-12-09,Notice Unrented,Balcony; Maple White,,https://bellwestford.securecafe.com/onlineleasing/bell-westford/oleapplication.aspx?stepname=RentalOptions&myOlePropertyId=1311869&FloorPlanID=3539950&UnitID=28086010&header=1
2026-10-02,2026-10-03T01:51:39+00:00,Ames 1,ames-1,3420,28085876,3539941,2,2,1178,4,3041,5589,0,2026-07-02,2026-07-02,Vacant Unrented Ready,4th Floor; Balcony; Premium View; Maple White; Botticino,,https://bellwestford.securecafe.com/onlineleasing/bell-westford/oleapplication.aspx?stepname=RentalOptions&myOlePropertyId=1311869&FloorPlanID=3539941&UnitID=28085876&header=1
2026-10-02,2026-10-03T01:51:39+00:00,Ames 1,ames-1,3102,28085799,3539941,2,2,1188,1,3281,5861,0,2026-09-30,2026-09-30,Vacant Unrented Not Ready,1st Floor; Premium View; Balcony; Maple White; Private Yard; Angola Black,,https://bellwestford.securecafe.com/onlineleasing/bell-westford/oleapplication.aspx?stepname=RentalOptions&myOlePropertyId=1311869&FloorPlanID=3539941&UnitID=28085799&header=1
2026-10-02,2026-10-03T01:51:39+00:00,Ames 1,ames-1,1422,28085716,3539941,2,2,1192,4,2986,5527,0,2026-09-22,2026-09-22,Vacant Unrented Ready,4th Floor; Balcony; Premium View; Botticino; Bianco,,https://bellwestford.securecafe.com/onlineleasing/bell-westford/oleapplication.aspx?stepname=RentalOptions&myOlePropertyId=1311869&FloorPlanID=3539941&UnitID=28085716&header=1
2026-10-02,2026-10-03T01:51:39+00:00,Ames 1,ames-1,2420,28085796,3539941,2,2,1192,4,2936,5470,0,2026-10-10,2026-10-10,Vacant Unrented Not Ready,4th Floor; Balcony; Botticino; Maple White,,https://bellwestford.securecafe.com/onlineleasing/bell-westford/oleapplication.aspx?stepname=RentalOptions&myOlePropertyId=1311869&FloorPlanID=3539941&UnitID=28085796&header=1
2026-10-02,2026-10-03T01:51:39+00:00,Ames 2,ames-2,5302,28086017,3539951,2,2,1226,,3085,4975,0,2027-01-10,2027-01-10,Notice Unrented,Premium View; Balcony; Shitake,,https://bellwestford.securecafe.com/onlineleasing/bell-westford/oleapplication.aspx?stepname=RentalOptions&myOlePropertyId=1311869&FloorPlanID=3539951&UnitID=28086017&header=1
2026-10-02,2026-10-03T01:51:39+00:00,Ames 2,ames-2,5422,28086057,3539951,2,2,1227,,2950,5486,0,2026-08-07,2026-08-07,Vacant Unrented Ready,Balcony; Maple White,,https://bellwestford.securecafe.com/onlineleasing/bell-westford/oleapplication.aspx?stepname=RentalOptions&myOlePropertyId=1311869&FloorPlanID=3539951&UnitID=28086057&header=1
2026-10-02,2026-10-03T01:51:39+00:00,Aspen 2,aspen-2,3218,28085928,3539952,2,2,1233,,3040,5588,0,2026-06-22,2026-06-22,Vacant Unrented Ready,Balcony; Maple White,,https://bellwestford.securecafe.com/onlineleasing/bell-westford/oleapplication.aspx?stepname=RentalOptions&myOlePropertyId=1311869&FloorPlanID=3539952&UnitID=28085928&header=1
2026-10-02,2026-10-03T01:51:39+00:00,Aspen 1,aspen-1,2118,28085734,3539942,2,2,1234,1,2995,5537,0,2026-09-28,2026-09-28,Vacant Unrented Ready,1st Floor; Bianco G; Angola Black,,https://bellwestford.securecafe.com/onlineleasing/bell-westford/oleapplication.aspx?stepname=RentalOptions&myOlePropertyId=1311869&FloorPlanID=3539942&UnitID=28085734&header=1
2026-10-02,2026-10-03T01:51:39+00:00,Avon 2,avon-2,5201,28085995,3539953,2,2,1291,,3020,5565,0,2026-09-29,2026-09-29,Vacant Unrented Not Ready,Ornamental,,https://bellwestford.securecafe.com/onlineleasing/bell-westford/oleapplication.aspx?stepname=RentalOptions&myOlePropertyId=1311869&FloorPlanID=3539953&UnitID=28085995&header=1
2026-10-02,2026-10-03T01:51:39+00:00,Avon 1,avon-1,3114,28085811,3539943,2,2,1304,1,3334,5921,0,2026-08-28,2026-08-28,Vacant Unrented Ready,1st Floor; Balcony; Maple White; Private Yard; Botticino,,https://bellwestford.securecafe.com/onlineleasing/bell-westford/oleapplication.aspx?stepname=RentalOptions&myOlePropertyId=1311869&FloorPlanID=3539943&UnitID=28085811&header=1
2026-10-02,2026-10-03T01:51:39+00:00,Breckenridge 1,breckenridge-1,1101,28085639,3539944,3,2,1472,1,4195,9328,0,2026-09-29,2026-09-29,Vacant Unrented Not Ready,1st Floor; Balcony; Pool View; Maple White; Bianco,,https://bellwestford.securecafe.com/onlineleasing/bell-westford/oleapplication.aspx?stepname=RentalOptions&myOlePropertyId=1311869&FloorPlanID=3539944&UnitID=28085639&header=1
2026-10-02,2026-10-03T01:51:39+00:00,Breckenridge 1,breckenridge-1,2101,28085718,3539944,3,2,1472,1,4395,9554,0,2026-09-18,2026-09-18,Vacant Unrented Ready,1st Floor; Premium View; Balcony; Bianco G; Private Yard; Botticino,,https://bellwestford.securecafe.com/onlineleasing/bell-westford/oleapplication.aspx?stepname=RentalOptions&myOlePropertyId=1311869&FloorPlanID=3539944&UnitID=28085718&header=1
2026-10-02,2026-10-03T01:51:39+00:00,Breckenridge 1,breckenridge-1,3101,28085798,3539944,3,2,1472,1,4470,7409,0,2026-12-10,2026-12-10,Notice Unrented,1st Floor; Balcony; Botticino; Private Yard,,https://bellwestford.securecafe.com/onlineleasing/bell-westford/oleapplication.aspx?stepname=RentalOptions&myOlePropertyId=1311869&FloorPlanID=3539944&UnitID=28085798&header=1
2026-10-02,2026-10-03T01:51:39+00:00,Breckenridge 1,breckenridge-1,3321,28085857,3539944,3,2,1472,3,4135,9260,0,2026-08-28,2026-08-28,Vacant Unrented Ready,3rd Floor; Balcony; Maple White; Angola Black,,https://bellwestford.securecafe.com/onlineleasing/bell-westford/oleapplication.aspx?stepname=RentalOptions&myOlePropertyId=1311869&FloorPlanID=3539944&UnitID=28085857&header=1
2026-10-02,2026-10-03T01:51:39+00:00,Breckenridge 2,breckenridge-2,3401,28085954,3539954,3,2,1503,,4443,9609,0,2025-08-15,2025-08-15,Vacant Unrented Ready,Pool View; Balcony; Ornamental,,https://bellwestford.securecafe.com/onlineleasing/bell-westford/oleapplication.aspx?stepname=RentalOptions&myOlePropertyId=1311869&FloorPlanID=3539954&UnitID=28085954&header=1
2026-10-02,2026-10-03T01:51:39+00:00,Townhome,townhome,0202,28085879,3539955,3,2,1921,,5055,10302,0,2026-08-11,2026-08-11,Vacant Unrented Ready,Townhouse; Shitake,,https://bellwestford.securecafe.com/onlineleasing/bell-westford/oleapplication.aspx?stepname=RentalOptions&myOlePropertyId=1311869&FloorPlanID=3539955&UnitID=28085879&header=1
2026-10-02,2026-10-03T01:51:39+00:00,Townhome,townhome,0203,28085880,3539955,3,2,1921,,4765,7756,0,2026-11-04,2026-11-04,Notice Unrented,Townhouse; Ornamental,,https://bellwestford.securecafe.com/onlineleasing/bell-westford/oleapplication.aspx?stepname=RentalOptions&myOlePropertyId=1311869&FloorPlanID=3539955&UnitID=28085880&header=1
2026-10-02,2026-10-03T01:51:39+00:00,Townhome,townhome,0602,28085885,3539955,3,2,1921,,5055,9032,0,2027-01-10,2027-01-10,Notice Unrented,Townhouse; Maple White,,https://bellwestford.securecafe.com/onlineleasing/bell-westford/oleapplication.aspx?stepname=RentalOptions&myOlePropertyId=1311869&FloorPlanID=3539955&UnitID=28085885&header=1
2026-10-03,2026-10-04T02:30:56+00:00,Denver 1,denver-1,2119,28085735,3539935,0,1,535,1,2390,3937,0,2026-10-25,2026-10-25,Notice Unrented,1st Floor; Premium View; Maple White; Private Yard; Bianco,,https://bellwestford.securecafe.com/onlineleasing/bell-westford/oleapplication.aspx?stepname=RentalOptions&myOlePropertyId=1311869&FloorPlanID=3539935&UnitID=28085735&header=1
2026-10-03,2026-10-04T02:30:56+00:00,Denver 2,denver-2,3302,28085934,3539945,0,1,535,,2275,3899,0,2026-08-03,2026-08-03,Vacant Unrented Ready,Balcony; Ornamental,,https://bellwestford.securecafe.com/onlineleasing/bell-westford/oleapplication.aspx?stepname=RentalOptions&myOlePropertyId=1311869&FloorPlanID=3539945&UnitID=28085934&header=1
2026-10-03,2026-10-04T02:30:56+00:00,Denver 2,denver-2,3319,28085950,3539945,0,1,535,,2425,4069,0,2026-06-11,2026-06-11,Vacant Unrented Not Ready,Pool View; Balcony; Ornamental,,https://bellwestford.securecafe.com/onlineleasing/bell-westford/oleapplication.aspx?stepname=RentalOptions&myOlePropertyId=1311869&FloorPlanID=3539945&UnitID=28085950&header=1
2026-10-03,2026-10-04T02:30:56+00:00,Evergreen 1,evergreen-1,1311,28085685,3539938,1,1,789,3,2520,4364,0,2026-10-01,2026-10-01,Vacant Unrented Not Ready,3rd Floor; Balcony; Pool View; Maple White,,https://bellwestford.securecafe.com/onlineleasing/bell-westford/oleapplication.aspx?stepname=RentalOptions&myOlePropertyId=1311869&FloorPlanID=3539938&UnitID=28085685&header=1
2026-10-03,2026-10-04T02:30:56+00:00,Evergreen 1,evergreen-1,1312,28085686,3539938,1,1,789,3,2435,4171,0,2026-12-01,2026-12-01,Notice Unrented,3rd Floor; Balcony; Bianco G; Maple White,,https://bellwestford.securecafe.com/onlineleasing/bell-westford/oleapplication.aspx?stepname=RentalOptions&myOlePropertyId=1311869&FloorPlanID=3539938&UnitID=28085686&header=1
2026-10-03,2026-10-04T02:30:56+00:00,Evergreen 1,evergreen-1,3310,28085847,3539938,1,1,789,3,2470,4307,0,2026-10-07,2026-10-07,Vacant Unrented Not Ready,3rd Floor; Premium View; Balcony; Maple White; Angola Black,,https://bellwestford.securecafe.com/onlineleasing/bell-westford/oleapplication.aspx?stepname=RentalOptions&myOlePropertyId=1311869&FloorPlanID=3539938&UnitID=28085847&header=1
2026-10-03,2026-10-04T02:30:56+00:00,Evans 1,evans-1,1103,28085641,3539939,1,1,852,1,2518,4361,0,2026-07-16,2026-07-16,Vacant Unrented Ready,1st Floor; Pool View; Bianco G; Angola Black,,https://bellwestford.securecafe.com/onlineleasing/bell-westford/oleapplication.aspx?stepname=RentalOptions&myOlePropertyId=1311869&FloorPlanID=3539939&UnitID=28085641&header=1
2026-10-03,2026-10-04T02:30:56+00:00,Evans 2,evans-2,5111,28085984,3539949,1,1,852,,2525,4369,0,2026-07-02,2026-07-02,Vacant Unrented Ready,Ornamental,,https://bellwestford.securecafe.com/onlineleasing/bell-westford/oleapplication.aspx?stepname=RentalOptions&myOlePropertyId=1311869&FloorPlanID=3539949&UnitID=28085984&header=1
2026-10-03,2026-10-04T02:30:56+00:00,Erie 2,erie-2,3205,28085916,3539950,1,1,922,,2670,4534,0,2026-07-04,2026-07-04,Vacant Unrented Ready,Balcony; Pool View; Shitake,,https://bellwestford.securecafe.com/onlineleasing/bell-westford/oleapplication.aspx?stepname=RentalOptions&myOlePropertyId=1311869&FloorPlanID=3539950&UnitID=28085916&header=1
2026-10-03,2026-10-04T02:30:56+00:00,Erie 2,erie-2,5217,28086010,3539950,1,1,922,,2515,4260,0,2026-12-09,2026-12-09,Notice Unrented,Balcony; Maple White,,https://bellwestford.securecafe.com/onlineleasing/bell-westford/oleapplication.aspx?stepname=RentalOptions&myOlePropertyId=1311869&FloorPlanID=3539950&UnitID=28086010&header=1
2026-10-03,2026-10-04T02:30:56+00:00,Ames 1,ames-1,3420,28085876,3539941,2,2,1178,4,3041,5589,0,2026-07-02,2026-07-02,Vacant Unrented Ready,4th Floor; Balcony; Premium View; Maple White; Botticino,,https://bellwestford.securecafe.com/onlineleasing/bell-westford/oleapplication.aspx?stepname=RentalOptions&myOlePropertyId=1311869&FloorPlanID=3539941&UnitID=28085876&header=1
2026-10-03,2026-10-04T02:30:56+00:00,Ames 1,ames-1,3102,28085799,3539941,2,2,1188,1,3281,5861,0,2026-09-30,2026-09-30,Vacant Unrented Not Ready,1st Floor; Premium View; Balcony; Maple White; Private Yard; Angola Black,,https://bellwestford.securecafe.com/onlineleasing/bell-westford/oleapplication.aspx?stepname=RentalOptions&myOlePropertyId=1311869&FloorPlanID=3539941&UnitID=28085799&header=1
2026-10-03,2026-10-04T02:30:56+00:00,Ames 1,ames-1,1422,28085716,3539941,2,2,1192,4,2986,5527,0,2026-09-22,2026-09-22,Vacant Unrented Ready,4th Floor; Balcony; Premium View; Botticino; Bianco,,https://bellwestford.securecafe.com/onlineleasing/bell-westford/oleapplication.aspx?stepname=RentalOptions&myOlePropertyId=1311869&FloorPlanID=3539941&UnitID=28085716&header=1
2026-10-03,2026-10-04T02:30:56+00:00,Ames 1,ames-1,2420,28085796,3539941,2,2,1192,4,2936,5470,0,2026-10-10,2026-10-10,Vacant Unrented Not Ready,4th Floor; Balcony; Botticino; Maple White,,https://bellwestford.securecafe.com/onlineleasing/bell-westford/oleapplication.aspx?stepname=RentalOptions&myOlePropertyId=1311869&FloorPlanID=3539941&UnitID=28085796&header=1
2026-10-03,2026-10-04T02:30:56+00:00,Ames 2,ames-2,5302,28086017,3539951,2,2,1226,,3085,4975,0,2027-01-10,2027-01-10,Notice Unrented,Premium View; Balcony; Shitake,,https://bellwestford.securecafe.com/onlineleasing/bell-westford/oleapplication.aspx?stepname=RentalOptions&myOlePropertyId=1311869&FloorPlanID=3539951&UnitID=28086017&header=1
2026-10-03,2026-10-04T02:30:56+00:00,Ames 2,ames-2,5422,28086057,3539951,2,2,1227,,2950,5486,0,2026-08-07,2026-08-07,Vacant Unrented Ready,Balcony; Maple White,,https://bellwestford.securecafe.com/onlineleasing/bell-westford/oleapplication.aspx?stepname=RentalOptions&myOlePropertyId=1311869&FloorPlanID=3539951&UnitID=28086057&header=1
2026-10-03,2026-10-04T02:30:56+00:00,Aspen 2,aspen-2,3218,28085928,3539952,2,2,1233,,3040,5588,0,2026-06-22,2026-06-22,Vacant Unrented Ready,Balcony; Maple White,,https://bellwestford.securecafe.com/onlineleasing/bell-westford/oleapplication.aspx?stepname=RentalOptions&myOlePropertyId=1311869&FloorPlanID=3539952&UnitID=28085928&header=1
2026-10-03,2026-10-04T02:30:56+00:00,Aspen 1,aspen-1,2118,28085734,3539942,2,2,1234,1,2995,5537,0,2026-09-28,2026-09-28,Vacant Unrented Ready,1st Floor; Bianco G; Angola Black,,https://bellwestford.securecafe.com/onlineleasing/bell-westford/oleapplication.aspx?stepname=RentalOptions&myOlePropertyId=1311869&FloorPlanID=3539942&UnitID=28085734&header=1
2026-10-03,2026-10-04T02:30:56+00:00,Avon 2,avon-2,5201,28085995,3539953,2,2,1291,,3020,5565,0,2026-09-29,2026-09-29,Vacant Unrented Not Ready,Ornamental,,https://bellwestford.securecafe.com/onlineleasing/bell-westford/oleapplication.aspx?stepname=RentalOptions&myOlePropertyId=1311869&FloorPlanID=3539953&UnitID=28085995&header=1
2026-10-03,2026-10-04T02:30:56+00:00,Avon 1,avon-1,3114,28085811,3539943,2,2,1304,1,3334,5921,0,2026-08-28,2026-08-28,Vacant Unrented Ready,1st Floor; Balcony; Maple White; Private Yard; Botticino,,https://bellwestford.securecafe.com/onlineleasing/bell-westford/oleapplication.aspx?stepname=RentalOptions&myOlePropertyId=1311869&FloorPlanID=3539943&UnitID=28085811&header=1
2026-10-03,2026-10-04T02:30:56+00:00,Breckenridge 1,breckenridge-1,1101,28085639,3539944,3,2,1472,1,4195,9328,0,2026-09-29,2026-09-29,Vacant Unrented Not Ready,1st Floor; Balcony; Pool View; Maple White; Bianco,,https://bellwestford.securecafe.com/onlineleasing/bell-westford/oleapplication.aspx?stepname=RentalOptions&myOlePropertyId=1311869&FloorPlanID=3539944&UnitID=28085639&header=1
2026-10-03,2026-10-04T02:30:56+00:00,Breckenridge 1,breckenridge-1,2101,28085718,3539944,3,2,1472,1,4395,9554,0,2026-09-18,2026-09-18,Vacant Unrented Ready,1st Floor; Premium View; Balcony; Bianco G; Private Yard; Botticino,,https://bellwestford.securecafe.com/onlineleasing/bell-westford/oleapplication.aspx?stepname=RentalOptions&myOlePropertyId=1311869&FloorPlanID=3539944&UnitID=28085718&header=1
2026-10-03,2026-10-04T02:30:56+00:00,Breckenridge 1,breckenridge-1,3101,28085798,3539944,3,2,1472,1,4470,7409,0,2026-12-10,2026-12-10,Notice Unrented,1st Floor; Balcony; Botticino; Private Yard,,https://bellwestford.securecafe.com/onlineleasing/bell-westford/oleapplication.aspx?stepname=RentalOptions&myOlePropertyId=1311869&FloorPlanID=3539944&UnitID=28085798&header=1
2026-10-03,2026-10-04T02:30:56+00:00,Breckenridge 1,breckenridge-1,3321,28085857,3539944,3,2,1472,3,4135,9260,0,2026-08-28,2026-08-28,Vacant Unrented Ready,3rd Floor; Balcony; Maple White; Angola Black,,https://bellwestford.securecafe.com/onlineleasing/bell-westford/oleapplication.aspx?stepname=RentalOptions&myOlePropertyId=1311869&FloorPlanID=3539944&UnitID=28085857&header=1
2026-10-03,2026-10-04T02:30:56+00:00,Breckenridge 2,breckenridge-2,3401,28085954,3539954,3,2,1503,,4443,9609,0,2025-08-15,2025-08-15,Vacant Unrented Ready,Pool View; Balcony; Ornamental,,https://bellwestford.securecafe.com/onlineleasing/bell-westford/oleapplication.aspx?stepname=RentalOptions&myOlePropertyId=1311869&FloorPlanID=3539954&UnitID=28085954&header=1
2026-10-03,2026-10-04T02:30:56+00:00,Townhome,townhome,0202,28085879,3539955,3,2,1921,,5055,10302,0,2026-08-11,2026-08-11,Vacant Unrented Ready,Townhouse; Shitake,,https://bellwestford.securecafe.com/onlineleasing/bell-westford/oleapplication.aspx?stepname=RentalOptions&myOlePropertyId=1311869&FloorPlanID=3539955&UnitID=28085879&header=1
2026-10-03,2026-10-04T02:30:56+00:00,Townhome,townhome,0203,28085880,3539955,3,2,1921,,4765,7756,0,2026-11-04,2026-11-04,Notice Unrented,Townhouse; Ornamental,,https://bellwestford.securecafe.com/onlineleasing/bell-westford/oleapplication.aspx?stepname=RentalOptions&myOlePropertyId=1311869&FloorPlanID=3539955&UnitID=28085880&header=1
2026-10-03,2026-10-04T02:30:56+00:00,Townhome,townhome,0602,28085885,3539955,3,2,1921,,5055,9032,0,2027-01-10,2027-01-10,Notice Unrented,Townhouse; Maple White,,https://bellwestford.securecafe.com/onlineleasing/bell-westford/oleapplication.aspx?stepname=RentalOptions&myOlePropertyId=1311869&FloorPlanID=3539955&UnitID=28085885&header=1
2026-10-04,2026-10-05T01:47:56+00:00,Denver 1,denver-1,2119,28085735,3539935,0,1,535,1,2390,3937,0,2026-10-25,2026-10-25,Notice Unrented,1st Floor; Premium View; Maple White; Private Yard; Bianco,,https://bellwestford.securecafe.com/onlineleasing/bell-westford/oleapplication.aspx?stepname=RentalOptions&myOlePropertyId=1311869&FloorPlanID=3539935&UnitID=28085735&header=1
2026-10-04,2026-10-05T01:47:56+00:00,Denver 2,denver-2,3302,28085934,3539945,0,1,535,,2275,3899,0,2026-08-03,2026-08-03,Vacant Unrented Ready,Balcony; Ornamental,,https://bellwestford.securecafe.com/onlineleasing/bell-westford/oleapplication.aspx?stepname=RentalOptions&myOlePropertyId=1311869&FloorPlanID=3539945&UnitID=28085934&header=1
2026-10-04,2026-10-05T01:47:56+00:00,Denver 2,denver-2,3319,28085950,3539945,0,1,535,,2425,4069,0,2026-06-11,2026-06-11,Vacant Unrented Not Ready,Pool View; Balcony; Ornamental,,https://bellwestford.securecafe.com/onlineleasing/bell-westford/oleapplication.aspx?stepname=RentalOptions&myOlePropertyId=1311869&FloorPlanID=3539945&UnitID=28085950&header=1
2026-10-04,2026-10-05T01:47:56+00:00,Evergreen 1,evergreen-1,1311,28085685,3539938,1,1,789,3,2520,4364,0,2026-10-01,2026-10-01,Vacant Unrented Not Ready,3rd Floor; Balcony; Pool View; Maple White,,https://bellwestford.securecafe.com/onlineleasing/bell-westford/oleapplication.aspx?stepname=RentalOptions&myOlePropertyId=1311869&FloorPlanID=3539938&UnitID=28085685&header=1
2026-10-04,2026-10-05T01:47:56+00:00,Evergreen 1,evergreen-1,1312,28085686,3539938,1,1,789,3,2435,4171,0,2026-12-01,2026-12-01,Notice Unrented,3rd Floor; Balcony; Bianco G; Maple White,,https://bellwestford.securecafe.com/onlineleasing/bell-westford/oleapplication.aspx?stepname=RentalOptions&myOlePropertyId=1311869&FloorPlanID=3539938&UnitID=28085686&header=1
2026-10-04,2026-10-05T01:47:56+00:00,Evergreen 1,evergreen-1,3310,28085847,3539938,1,1,789,3,2470,4307,0,2026-10-07,2026-10-07,Vacant Unrented Not Ready,3rd Floor; Premium View; Balcony; Maple White; Angola Black,,https://bellwestford.securecafe.com/onlineleasing/bell-westford/oleapplication.aspx?stepname=RentalOptions&myOlePropertyId=1311869&FloorPlanID=3539938&UnitID=28085847&header=1
2026-10-04,2026-10-05T01:47:56+00:00,Evans 1,evans-1,1103,28085641,3539939,1,1,852,1,2518,4361,0,2026-07-16,2026-07-16,Vacant Unrented Ready,1st Floor; Pool View; Bianco G; Angola Black,,https://bellwestford.securecafe.com/onlineleasing/bell-westford/oleapplication.aspx?stepname=RentalOptions&myOlePropertyId=1311869&FloorPlanID=3539939&UnitID=28085641&header=1
2026-10-04,2026-10-05T01:47:56+00:00,Evans 2,evans-2,5111,28085984,3539949,1,1,852,,2525,4369,0,2026-07-02,2026-07-02,Vacant Unrented Ready,Ornamental,,https://bellwestford.securecafe.com/onlineleasing/bell-westford/oleapplication.aspx?stepname=RentalOptions&myOlePropertyId=1311869&FloorPlanID=3539949&UnitID=28085984&header=1
2026-10-04,2026-10-05T01:47:56+00:00,Erie 2,erie-2,3205,28085916,3539950,1,1,922,,2670,4534,0,2026-07-04,2026-07-04,Vacant Unrented Ready,Balcony; Pool View; Shitake,,https://bellwestford.securecafe.com/onlineleasing/bell-westford/oleapplication.aspx?stepname=RentalOptions&myOlePropertyId=1311869&FloorPlanID=3539950&UnitID=28085916&header=1
2026-10-04,2026-10-05T01:47:56+00:00,Erie 2,erie-2,5217,28086010,3539950,1,1,922,,2515,4260,0,2026-12-09,2026-12-09,Notice Unrented,Balcony; Maple White,,https://bellwestford.securecafe.com/onlineleasing/bell-westford/oleapplication.aspx?stepname=RentalOptions&myOlePropertyId=1311869&FloorPlanID=3539950&UnitID=28086010&header=1
2026-10-04,2026-10-05T01:47:56+00:00,Ames 1,ames-1,3420,28085876,3539941,2,2,1178,4,3041,5589,0,2026-07-02,2026-07-02,Vacant Unrented Ready,4th Floor; Balcony; Premium View; Maple White; Botticino,,https://bellwestford.securecafe.com/onlineleasing/bell-westford/oleapplication.aspx?stepname=RentalOptions&myOlePropertyId=1311869&FloorPlanID=3539941&UnitID=28085876&header=1
2026-10-04,2026-10-05T01:47:56+00:00,Ames 1,ames-1,3102,28085799,3539941,2,2,1188,1,3281,5861,0,2026-09-30,2026-09-30,Vacant Unrented Not Ready,1st Floor; Premium View; Balcony; Maple White; Private Yard; Angola Black,,https://bellwestford.securecafe.com/onlineleasing/bell-westford/oleapplication.aspx?stepname=RentalOptions&myOlePropertyId=1311869&FloorPlanID=3539941&UnitID=28085799&header=1
2026-10-04,2026-10-05T01:47:56+00:00,Ames 1,ames-1,1422,28085716,3539941,2,2,1192,4,2986,5527,0,2026-09-22,2026-09-22,Vacant Unrented Ready,4th Floor; Balcony; Premium View; Botticino; Bianco,,https://bellwestford.securecafe.com/onlineleasing/bell-westford/oleapplication.aspx?stepname=RentalOptions&myOlePropertyId=1311869&FloorPlanID=3539941&UnitID=28085716&header=1
2026-10-04,2026-10-05T01:47:56+00:00,Ames 1,ames-1,2420,28085796,3539941,2,2,1192,4,2936,5470,0,2026-10-10,2026-10-10,Vacant Unrented Not Ready,4th Floor; Balcony; Botticino; Maple White,,https://bellwestford.securecafe.com/onlineleasing/bell-westford/oleapplication.aspx?stepname=RentalOptions&myOlePropertyId=1311869&FloorPlanID=3539941&UnitID=28085796&header=1
2026-10-04,2026-10-05T01:47:56+00:00,Ames 2,ames-2,5302,28086017,3539951,2,2,1226,,3080,4975,0,2027-01-10,2027-01-10,Notice Unrented,Premium View; Balcony; Shitake,,https://bellwestford.securecafe.com/onlineleasing/bell-westford/oleapplication.aspx?stepname=RentalOptions&myOlePropertyId=1311869&FloorPlanID=3539951&UnitID=28086017&header=1
2026-10-04,2026-10-05T01:47:56+00:00,Ames 2,ames-2,5422,28086057,3539951,2,2,1227,,2950,5486,0,2026-08-07,2026-08-07,Vacant Unrented Ready,Balcony; Maple White,,https://bellwestford.securecafe.com/onlineleasing/bell-westford/oleapplication.aspx?stepname=RentalOptions&myOlePropertyId=1311869&FloorPlanID=3539951&UnitID=28086057&header=1
2026-10-04,2026-10-05T01:47:56+00:00,Aspen 2,aspen-2,3218,28085928,3539952,2,2,1233,,3040,5588,0,2026-06-22,2026-06-22,Vacant Unrented Ready,Balcony; Maple White,,https://bellwestford.securecafe.com/onlineleasing/bell-westford/oleapplication.aspx?stepname=RentalOptions&myOlePropertyId=1311869&FloorPlanID=3539952&UnitID=28085928&header=1
2026-10-04,2026-10-05T01:47:56+00:00,Aspen 1,aspen-1,2118,28085734,3539942,2,2,1234,1,2995,5537,0,2026-09-28,2026-09-28,Vacant Unrented Ready,1st Floor; Bianco G; Angola Black,,https://bellwestford.securecafe.com/onlineleasing/bell-westford/oleapplication.aspx?stepname=RentalOptions&myOlePropertyId=1311869&FloorPlanID=3539942&UnitID=28085734&header=1
2026-10-04,2026-10-05T01:47:56+00:00,Avon 2,avon-2,5201,28085995,3539953,2,2,1291,,3020,5565,0,2026-09-29,2026-09-29,Vacant Unrented Not Ready,Ornamental,,https://bellwestford.securecafe.com/onlineleasing/bell-westford/oleapplication.aspx?stepname=RentalOptions&myOlePropertyId=1311869&FloorPlanID=3539953&UnitID=28085995&header=1
2026-10-04,2026-10-05T01:47:56+00:00,Avon 1,avon-1,3114,28085811,3539943,2,2,1304,1,3334,5921,0,2026-08-28,2026-08-28,Vacant Unrented Ready,1st Floor; Balcony; Maple White; Private Yard; Botticino,,https://bellwestford.securecafe.com/onlineleasing/bell-westford/oleapplication.aspx?stepname=RentalOptions&myOlePropertyId=1311869&FloorPlanID=3539943&UnitID=28085811&header=1
2026-10-04,2026-10-05T01:47:56+00:00,Breckenridge 1,breckenridge-1,1101,28085639,3539944,3,2,1472,1,4195,9328,0,2026-09-29,2026-09-29,Vacant Unrented Not Ready,1st Floor; Balcony; Pool View; Maple White; Bianco,,https://bellwestford.securecafe.com/onlineleasing/bell-westford/oleapplication.aspx?stepname=RentalOptions&myOlePropertyId=1311869&FloorPlanID=3539944&UnitID=28085639&header=1
2026-10-04,2026-10-05T01:47:56+00:00,Breckenridge 1,breckenridge-1,2101,28085718,3539944,3,2,1472,1,4395,9554,0,2026-09-18,2026-09-18,Vacant Unrented Ready,1st Floor; Premium View; Balcony; Bianco G; Private Yard; Botticino,,https://bellwestford.securecafe.com/onlineleasing/bell-westford/oleapplication.aspx?stepname=RentalOptions&myOlePropertyId=1311869&FloorPlanID=3539944&UnitID=28085718&header=1
2026-10-04,2026-10-05T01:47:56+00:00,Breckenridge 1,breckenridge-1,3101,28085798,3539944,3,2,1472,1,4470,7409,0,2026-12-10,2026-12-10,Notice Unrented,1st Floor; Balcony; Botticino; Private Yard,,https://bellwestford.securecafe.com/onlineleasing/bell-westford/oleapplication.aspx?stepname=RentalOptions&myOlePropertyId=1311869&FloorPlanID=3539944&UnitID=28085798&header=1
2026-10-04,2026-10-05T01:47:56+00:00,Breckenridge 1,breckenridge-1,3321,28085857,3539944,3,2,1472,3,4135,9260,0,2026-08-28,2026-08-28,Vacant Unrented Ready,3rd Floor; Balcony; Maple White; Angola Black,,https://bellwestford.securecafe.com/onlineleasing/bell-westford/oleapplication.aspx?stepname=RentalOptions&myOlePropertyId=1311869&FloorPlanID=3539944&UnitID=28085857&header=1
2026-10-04,2026-10-05T01:47:56+00:00,Breckenridge 2,breckenridge-2,3401,28085954,3539954,3,2,1503,,4443,9609,0,2025-08-15,2025-08-15,Vacant Unrented Ready,Pool View; Balcony; Ornamental,,https://bellwestford.securecafe.com/onlineleasing/bell-westford/oleapplication.aspx?stepname=RentalOptions&myOlePropertyId=1311869&FloorPlanID=3539954&UnitID=28085954&header=1
2026-10-04,2026-10-05T01:47:56+00:00,Townhome,townhome,0202,28085879,3539955,3,2,1921,,5055,10302,0,2026-08-11,2026-08-11,Vacant Unrented Ready,Townhouse; Shitake,,https://bellwestford.securecafe.com/onlineleasing/bell-westford/oleapplication.aspx?stepname=RentalOptions&myOlePropertyId=1311869&FloorPlanID=3539955&UnitID=28085879&header=1
2026-10-04,2026-10-05T01:47:56+00:00,Townhome,townhome,0203,28085880,3539955,3,2,1921,,4765,7756,0,2026-11-04,2026-11-04,Notice Unrented,Townhouse; Ornamental,,https://bellwestford.securecafe.com/onlineleasing/bell-westford/oleapplication.aspx?stepname=RentalOptions&myOlePropertyId=1311869&FloorPlanID=3539955&UnitID=28085880&header=1
2026-10-04,2026-10-05T01:47:56+00:00,Townhome,townhome,0602,28085885,3539955,3,2,1921,,5055,9032,0,2027-01-10,2027-01-10,Notice Unrented,Townhouse; Maple White,,https://bellwestford.securecafe.com/onlineleasing/bell-westford/oleapplication.aspx?stepname=RentalOptions&myOlePropertyId=1311869&FloorPlanID=3539955&UnitID=28085885&header=1
2026-10-05,2026-10-06T02:52:34+00:00,Denver 1,denver-1,2119,28085735,3539935,0,1,535,1,2380,3937,0,2026-10-25,2026-10-25,Notice Unrented,1st Floor; Premium View; Maple White; Private Yard; Bianco,,https://bellwestford.securecafe.com/onlineleasing/bell-westford/oleapplication.aspx?stepname=RentalOptions&myOlePropertyId=1311869&FloorPlanID=3539935&UnitID=28085735&header=1
2026-10-05,2026-10-06T02:52:34+00:00,Denver 2,denver-2,3302,28085934,3539945,0,1,535,,2275,3899,0,2026-08-03,2026-08-03,Vacant Unrented Ready,Balcony; Ornamental,,https://bellwestford.securecafe.com/onlineleasing/bell-westford/oleapplication.aspx?stepname=RentalOptions&myOlePropertyId=1311869&FloorPlanID=3539945&UnitID=28085934&header=1
2026-10-05,2026-10-06T02:52:34+00:00,Denver 2,denver-2,3319,28085950,3539945,0,1,535,,2425,4069,0,2026-06-11,2026-06-11,Vacant Unrented Not Ready,Pool View; Balcony; Ornamental,,https://bellwestford.securecafe.com/onlineleasing/bell-westford/oleapplication.aspx?stepname=RentalOptions&myOlePropertyId=1311869&FloorPlanID=3539945&UnitID=28085950&header=1
2026-10-05,2026-10-06T02:52:34+00:00,Evergreen 1,evergreen-1,1311,28085685,3539938,1,1,789,3,2540,4364,0,2026-10-01,2026-10-01,Vacant Unrented Not Ready,3rd Floor; Balcony; Pool View; Maple White,,https://bellwestford.securecafe.com/onlineleasing/bell-westford/oleapplication.aspx?stepname=RentalOptions&myOlePropertyId=1311869&FloorPlanID=3539938&UnitID=28085685&header=1
2026-10-05,2026-10-06T02:52:34+00:00,Evergreen 1,evergreen-1,1312,28085686,3539938,1,1,789,3,2450,4171,0,2026-12-01,2026-12-01,Notice Unrented,3rd Floor; Balcony; Bianco G; Maple White,,https://bellwestford.securecafe.com/onlineleasing/bell-westford/oleapplication.aspx?stepname=RentalOptions&myOlePropertyId=1311869&FloorPlanID=3539938&UnitID=28085686&header=1
2026-10-05,2026-10-06T02:52:34+00:00,Evergreen 1,evergreen-1,3310,28085847,3539938,1,1,789,3,2490,4307,0,2026-10-07,2026-10-07,Vacant Unrented Not Ready,3rd Floor; Premium View; Balcony; Maple White; Angola Black,,https://bellwestford.securecafe.com/onlineleasing/bell-westford/oleapplication.aspx?stepname=RentalOptions&myOlePropertyId=1311869&FloorPlanID=3539938&UnitID=28085847&header=1
2026-10-05,2026-10-06T02:52:34+00:00,Evans 1,evans-1,1103,28085641,3539939,1,1,852,1,2538,4361,0,2026-07-16,2026-07-16,Vacant Unrented Ready,1st Floor; Pool View; Bianco G; Angola Black,,https://bellwestford.securecafe.com/onlineleasing/bell-westford/oleapplication.aspx?stepname=RentalOptions&myOlePropertyId=1311869&FloorPlanID=3539939&UnitID=28085641&header=1
2026-10-05,2026-10-06T02:52:34+00:00,Evans 2,evans-2,5111,28085984,3539949,1,1,852,,2545,4369,0,2026-07-02,2026-07-02,Vacant Unrented Ready,Ornamental,,https://bellwestford.securecafe.com/onlineleasing/bell-westford/oleapplication.aspx?stepname=RentalOptions&myOlePropertyId=1311869&FloorPlanID=3539949&UnitID=28085984&header=1
2026-10-05,2026-10-06T02:52:34+00:00,Erie 2,erie-2,3205,28085916,3539950,1,1,922,,2690,4534,0,2026-07-04,2026-07-04,Vacant Unrented Ready,Balcony; Pool View; Shitake,,https://bellwestford.securecafe.com/onlineleasing/bell-westford/oleapplication.aspx?stepname=RentalOptions&myOlePropertyId=1311869&FloorPlanID=3539950&UnitID=28085916&header=1
2026-10-05,2026-10-06T02:52:34+00:00,Erie 2,erie-2,5217,28086010,3539950,1,1,922,,2530,4260,0,2026-12-09,2026-12-09,Notice Unrented,Balcony; Maple White,,https://bellwestford.securecafe.com/onlineleasing/bell-westford/oleapplication.aspx?stepname=RentalOptions&myOlePropertyId=1311869&FloorPlanID=3539950&UnitID=28086010&header=1
2026-10-05,2026-10-06T02:52:34+00:00,Ames 1,ames-1,3420,28085876,3539941,2,2,1178,4,3041,5589,0,2026-07-02,2026-07-02,Vacant Unrented Ready,4th Floor; Balcony; Premium View; Maple White; Botticino,,https://bellwestford.securecafe.com/onlineleasing/bell-westford/oleapplication.aspx?stepname=RentalOptions&myOlePropertyId=1311869&FloorPlanID=3539941&UnitID=28085876&header=1
2026-10-05,2026-10-06T02:52:34+00:00,Ames 1,ames-1,3102,28085799,3539941,2,2,1188,1,3281,5861,0,2026-09-30,2026-09-30,Vacant Unrented Not Ready,1st Floor; Premium View; Balcony; Maple White; Private Yard; Angola Black,,https://bellwestford.securecafe.com/onlineleasing/bell-westford/oleapplication.aspx?stepname=RentalOptions&myOlePropertyId=1311869&FloorPlanID=3539941&UnitID=28085799&header=1
2026-10-05,2026-10-06T02:52:34+00:00,Ames 1,ames-1,1422,28085716,3539941,2,2,1192,4,2986,5527,0,2026-09-22,2026-09-22,Vacant Unrented Ready,4th Floor; Balcony; Premium View; Botticino; Bianco,,https://bellwestford.securecafe.com/onlineleasing/bell-westford/oleapplication.aspx?stepname=RentalOptions&myOlePropertyId=1311869&FloorPlanID=3539941&UnitID=28085716&header=1
2026-10-05,2026-10-06T02:52:34+00:00,Ames 1,ames-1,2420,28085796,3539941,2,2,1192,4,2936,5470,0,2026-10-10,2026-10-10,Vacant Unrented Not Ready,4th Floor; Balcony; Botticino; Maple White,,https://bellwestford.securecafe.com/onlineleasing/bell-westford/oleapplication.aspx?stepname=RentalOptions&myOlePropertyId=1311869&FloorPlanID=3539941&UnitID=28085796&header=1
2026-10-05,2026-10-06T02:52:34+00:00,Ames 2,ames-2,5302,28086017,3539951,2,2,1226,,3005,4975,0,2027-01-10,2027-01-10,Notice Unrented,Premium View; Balcony; Shitake,,https://bellwestford.securecafe.com/onlineleasing/bell-westford/oleapplication.aspx?stepname=RentalOptions&myOlePropertyId=1311869&FloorPlanID=3539951&UnitID=28086017&header=1
2026-10-05,2026-10-06T02:52:34+00:00,Ames 2,ames-2,3400,28085953,3539951,2,2,1227,,,,0,2026-09-18,2026-09-18,Vacant Unrented Not Ready,Balcony; Shitake,,https://bellwestford.securecafe.com/onlineleasing/bell-westford/oleapplication.aspx?stepname=RentalOptions&myOlePropertyId=1311869&FloorPlanID=3539951&UnitID=28085953&header=1
2026-10-05,2026-10-06T02:52:34+00:00,Ames 2,ames-2,5422,28086057,3539951,2,2,1227,,2950,5486,0,2026-08-07,2026-08-07,Vacant Unrented Ready,Balcony; Maple White,,https://bellwestford.securecafe.com/onlineleasing/bell-westford/oleapplication.aspx?stepname=RentalOptions&myOlePropertyId=1311869&FloorPlanID=3539951&UnitID=28086057&header=1
2026-10-05,2026-10-06T02:52:34+00:00,Aspen 2,aspen-2,3218,28085928,3539952,2,2,1233,,3040,5588,0,2026-06-22,2026-06-22,Vacant Unrented Ready,Balcony; Maple White,,https://bellwestford.securecafe.com/onlineleasing/bell-westford/oleapplication.aspx?stepname=RentalOptions&myOlePropertyId=1311869&FloorPlanID=3539952&UnitID=28085928&header=1
2026-10-05,2026-10-06T02:52:34+00:00,Aspen 1,aspen-1,2118,28085734,3539942,2,2,1234,1,2995,5537,0,2026-09-28,2026-09-28,Vacant Unrented Ready,1st Floor; Bianco G; Angola Black,,https://bellwestford.securecafe.com/onlineleasing/bell-westford/oleapplication.aspx?stepname=RentalOptions&myOlePropertyId=1311869&FloorPlanID=3539942&UnitID=28085734&header=1
2026-10-05,2026-10-06T02:52:34+00:00,Avon 2,avon-2,5201,28085995,3539953,2,2,1291,,3020,5565,0,2026-09-29,2026-09-29,Vacant Unrented Not Ready,Ornamental,,https://bellwestford.securecafe.com/onlineleasing/bell-westford/oleapplication.aspx?stepname=RentalOptions&myOlePropertyId=1311869&FloorPlanID=3539953&UnitID=28085995&header=1
2026-10-05,2026-10-06T02:52:34+00:00,Avon 1,avon-1,3114,28085811,3539943,2,2,1304,1,3334,5921,0,2026-08-28,2026-08-28,Vacant Unrented Ready,1st Floor; Balcony; Maple White; Private Yard; Botticino,,https://bellwestford.securecafe.com/onlineleasing/bell-westford/oleapplication.aspx?stepname=RentalOptions&myOlePropertyId=1311869&FloorPlanID=3539943&UnitID=28085811&header=1
2026-10-05,2026-10-06T02:52:34+00:00,Breckenridge 1,breckenridge-1,1101,28085639,3539944,3,2,1472,1,4195,9328,0,2026-09-29,2026-09-29,Vacant Unrented Not Ready,1st Floor; Balcony; Pool View; Maple White; Bianco,,https://bellwestford.securecafe.com/onlineleasing/bell-westford/oleapplication.aspx?stepname=RentalOptions&myOlePropertyId=1311869&FloorPlanID=3539944&UnitID=28085639&header=1
2026-10-05,2026-10-06T02:52:34+00:00,Breckenridge 1,breckenridge-1,2101,28085718,3539944,3,2,1472,1,4395,9554,0,2026-09-18,2026-09-18,Vacant Unrented Ready,1st Floor; Premium View; Balcony; Bianco G; Private Yard; Botticino,,https://bellwestford.securecafe.com/onlineleasing/bell-westford/oleapplication.aspx?stepname=RentalOptions&myOlePropertyId=1311869&FloorPlanID=3539944&UnitID=28085718&header=1
2026-10-05,2026-10-06T02:52:34+00:00,Breckenridge 1,breckenridge-1,3101,28085798,3539944,3,2,1472,1,4470,7409,0,2026-12-10,2026-12-10,Notice Unrented,1st Floor; Balcony; Botticino; Private Yard,,https://bellwestford.securecafe.com/onlineleasing/bell-westford/oleapplication.aspx?stepname=RentalOptions&myOlePropertyId=1311869&FloorPlanID=3539944&UnitID=28085798&header=1
2026-10-05,2026-10-06T02:52:34+00:00,Breckenridge 1,breckenridge-1,3321,28085857,3539944,3,2,1472,3,4135,9260,0,2026-08-28,2026-08-28,Vacant Unrented Ready,3rd Floor; Balcony; Maple White; Angola Black,,https://bellwestford.securecafe.com/onlineleasing/bell-westford/oleapplication.aspx?stepname=RentalOptions&myOlePropertyId=1311869&FloorPlanID=3539944&UnitID=28085857&header=1
2026-10-05,2026-10-06T02:52:34+00:00,Breckenridge 2,breckenridge-2,3401,28085954,3539954,3,2,1503,,4443,9609,0,2025-08-15,2025-08-15,Vacant Unrented Ready,Pool View; Balcony; Ornamental,,https://bellwestford.securecafe.com/onlineleasing/bell-westford/oleapplication.aspx?stepname=RentalOptions&myOlePropertyId=1311869&FloorPlanID=3539954&UnitID=28085954&header=1
2026-10-05,2026-10-06T02:52:34+00:00,Townhome,townhome,0202,28085879,3539955,3,2,1921,,5055,10302,0,2026-08-11,2026-08-11,Vacant Unrented Ready,Townhouse; Shitake,,https://bellwestford.securecafe.com/onlineleasing/bell-westford/oleapplication.aspx?stepname=RentalOptions&myOlePropertyId=1311869&FloorPlanID=3539955&UnitID=28085879&header=1
2026-10-05,2026-10-06T02:52:34+00:00,Townhome,townhome,0203,28085880,3539955,3,2,1921,,4765,7756,0,2026-11-04,2026-11-04,Notice Unrented,Townhouse; Ornamental,,https://bellwestford.securecafe.com/onlineleasing/bell-westford/oleapplication.aspx?stepname=RentalOptions&myOlePropertyId=1311869&FloorPlanID=3539955&UnitID=28085880&header=1
2026-10-05,2026-10-06T02:52:34+00:00,Townhome,townhome,0602,28085885,3539955,3,2,1921,,5055,9032,0,2027-01-10,2027-01-10,Notice Unrented,Townhouse; Maple White,,https://bellwestford.securecafe.com/onlineleasing/bell-westford/oleapplication.aspx?stepname=RentalOptions&myOlePropertyId=1311869&FloorPlanID=3539955&UnitID=28085885&header=1
